duration_months,credit_amount,installment_rate,age_years,existing_credits,checking_status,credit_history,employment,is_default
30,940.0,4,65,2,none,existing_paid,>=7 years,0
30,3830.0,1,41,2,none,existing_paid,4-7 years,1
30,3270.0,2,69,1,none,all_paid,4-7 years,1
24,2860.0,3,38,3,none,existing_paid,unemployed,1
18,2530.0,3,49,1,0-200 DM,critical,>=7 years,0
18,2640.0,2,32,1,<0 DM,existing_paid,4-7 years,1
12,7490.0,1,41,1,>=200 DM,existing_paid,1-4 years,1
24,2820.0,3,20,2,<0 DM,existing_paid,>=7 years,1
36,7180.0,4,47,1,none,all_paid,<1 year,1
24,2860.0,1,68,1,0-200 DM,critical,unemployed,0
36,3460.0,2,27,1,none,existing_paid,4-7 years,0
18,3150.0,3,51,1,none,critical,1-4 years,0
24,7410.0,1,66,1,0-200 DM,existing_paid,1-4 years,1
24,4970.0,2,62,1,none,existing_paid,<1 year,0
24,2400.0,3,30,1,none,critical,<1 year,1
24,1340.0,4,37,2,none,existing_paid,1-4 years,1
12,2430.0,2,60,1,none,critical,4-7 years,0
12,6320.0,3,38,1,0-200 DM,delay,<1 year,0
48,1610.0,2,55,1,none,existing_paid,unemployed,0
6,1380.0,4,49,4,0-200 DM,existing_paid,1-4 years,0
18,2140.0,1,53,2,none,delay,1-4 years,0
18,1760.0,3,59,2,none,critical,4-7 years,0
18,1920.0,4,39,1,<0 DM,critical,<1 year,1
30,1050.0,4,65,1,none,existing_paid,>=7 years,0
24,3500.0,3,64,1,none,critical,1-4 years,1
36,3890.0,2,61,2,>=200 DM,existing_paid,1-4 years,1
18,2810.0,3,31,1,none,all_paid,<1 year,0
24,1360.0,2,57,1,none,existing_paid,1-4 years,0
36,2150.0,3,45,2,<0 DM,existing_paid,4-7 years,1
48,3820.0,3,43,1,none,existing_paid,1-4 years,1
48,4120.0,4,20,2,none,delay,4-7 years,1
24,1070.0,3,53,2,none,critical,>=7 years,1
12,3200.0,3,70,1,0-200 DM,existing_paid,>=7 years,0
6,2050.0,4,26,1,0-200 DM,all_paid,1-4 years,1
30,3090.0,4,51,1,none,existing_paid,>=7 years,1
30,1410.0,3,43,1,0-200 DM,all_paid,<1 year,1
24,1160.0,3,39,1,0-200 DM,no_credits,4-7 years,0
12,2770.0,3,54,3,>=200 DM,critical,<1 year,1
24,2910.0,2,31,1,0-200 DM,critical,1-4 years,1
12,1860.0,1,64,2,0-200 DM,existing_paid,4-7 years,0
18,6830.0,3,27,2,<0 DM,existing_paid,>=7 years,1
18,2020.0,2,53,3,0-200 DM,existing_paid,<1 year,0
36,2000.0,3,64,1,0-200 DM,all_paid,1-4 years,1
12,3140.0,3,54,1,0-200 DM,existing_paid,unemployed,0
24,2920.0,3,67,2,>=200 DM,existing_paid,1-4 years,1
18,2020.0,1,65,2,>=200 DM,critical,1-4 years,0
24,3880.0,1,62,2,<0 DM,critical,<1 year,1
24,3860.0,1,64,2,<0 DM,existing_paid,>=7 years,0
36,3180.0,2,69,1,none,no_credits,1-4 years,0
12,3480.0,4,28,1,0-200 DM,delay,<1 year,1
12,3030.0,2,23,1,0-200 DM,existing_paid,4-7 years,1
30,2930.0,2,49,1,<0 DM,no_credits,4-7 years,1
18,1430.0,1,42,1,0-200 DM,critical,4-7 years,0
12,3280.0,3,50,1,none,critical,unemployed,0
18,5020.0,3,67,1,>=200 DM,existing_paid,<1 year,1
24,3480.0,2,67,1,<0 DM,existing_paid,>=7 years,0
6,2600.0,4,21,1,0-200 DM,all_paid,>=7 years,1
12,4890.0,4,34,2,none,critical,1-4 years,0
30,3490.0,2,59,2,0-200 DM,existing_paid,>=7 years,0
18,2010.0,3,67,2,0-200 DM,delay,4-7 years,0
6,4880.0,3,38,1,none,existing_paid,>=7 years,0
12,2330.0,2,62,1,0-200 DM,critical,4-7 years,0
24,1650.0,4,42,2,none,existing_paid,1-4 years,0
12,1880.0,1,52,1,<0 DM,existing_paid,4-7 years,1
30,2210.0,3,70,1,<0 DM,existing_paid,1-4 years,0
24,1390.0,3,66,1,>=200 DM,existing_paid,<1 year,0
18,6030.0,3,41,1,<0 DM,existing_paid,4-7 years,1
36,1140.0,4,71,1,<0 DM,all_paid,unemployed,0
18,4140.0,2,56,1,none,critical,4-7 years,0
12,3580.0,1,20,1,<0 DM,critical,>=7 years,1
24,3450.0,3,59,1,none,existing_paid,<1 year,1
24,3850.0,2,23,2,0-200 DM,existing_paid,4-7 years,1
12,2750.0,1,36,1,none,delay,>=7 years,0
12,4150.0,3,71,1,none,existing_paid,<1 year,0
18,2880.0,2,68,2,0-200 DM,critical,<1 year,1
12,2460.0,2,47,3,>=200 DM,critical,>=7 years,0
24,1470.0,2,28,1,none,critical,1-4 years,1
24,3670.0,1,60,1,<0 DM,all_paid,1-4 years,1
18,3700.0,3,60,1,none,existing_paid,>=7 years,0
18,3030.0,1,68,2,none,critical,unemployed,0
18,4640.0,4,34,3,<0 DM,critical,>=7 years,1
12,5580.0,2,41,1,none,critical,>=7 years,1
6,2270.0,3,48,2,<0 DM,critical,1-4 years,0
12,4240.0,4,24,1,>=200 DM,existing_paid,1-4 years,0
12,1460.0,2,62,1,0-200 DM,delay,unemployed,0
18,3150.0,3,54,2,0-200 DM,critical,>=7 years,0
30,2760.0,4,38,1,0-200 DM,existing_paid,>=7 years,1
18,4710.0,2,34,1,<0 DM,critical,1-4 years,1
36,2370.0,4,46,4,none,existing_paid,>=7 years,1
30,5750.0,1,44,1,<0 DM,existing_paid,<1 year,1
48,2670.0,2,40,1,0-200 DM,delay,1-4 years,1
36,1470.0,4,29,1,<0 DM,critical,1-4 years,1
24,1190.0,2,19,1,<0 DM,existing_paid,>=7 years,1
24,4470.0,3,23,1,none,existing_paid,>=7 years,1
12,1390.0,4,67,1,<0 DM,critical,4-7 years,1
24,3950.0,4,61,2,none,critical,<1 year,1
24,4420.0,3,64,2,0-200 DM,delay,>=7 years,1
18,1990.0,4,59,1,none,existing_paid,unemployed,0
24,3540.0,3,60,1,<0 DM,critical,1-4 years,0
18,6810.0,2,54,1,none,critical,>=7 years,0
18,2790.0,3,20,1,0-200 DM,critical,unemployed,1
18,1260.0,3,24,1,<0 DM,existing_paid,1-4 years,1
24,2170.0,3,45,2,none,critical,1-4 years,0
36,7290.0,3,44,2,none,existing_paid,unemployed,1
30,4620.0,3,53,1,<0 DM,existing_paid,<1 year,1
30,1570.0,3,31,1,none,existing_paid,1-4 years,0
6,5500.0,4,30,1,none,existing_paid,>=7 years,1
36,5680.0,3,36,1,0-200 DM,existing_paid,4-7 years,0
12,2390.0,2,56,1,<0 DM,no_credits,>=7 years,0
36,1440.0,4,60,1,0-200 DM,existing_paid,>=7 years,0
12,5240.0,2,24,2,0-200 DM,existing_paid,>=7 years,0
18,7820.0,4,46,2,<0 DM,existing_paid,1-4 years,1
24,2020.0,1,46,4,0-200 DM,existing_paid,1-4 years,0
24,4470.0,2,43,2,<0 DM,delay,1-4 years,1
18,2050.0,1,23,1,0-200 DM,critical,>=7 years,1
24,2000.0,1,33,1,<0 DM,existing_paid,unemployed,1
18,3540.0,3,65,1,<0 DM,critical,1-4 years,1
12,1880.0,2,62,1,<0 DM,critical,<1 year,1
24,2980.0,4,27,4,>=200 DM,critical,unemployed,1
12,5780.0,3,63,1,0-200 DM,no_credits,<1 year,1
24,1310.0,2,66,2,none,critical,<1 year,1
6,4790.0,3,71,4,none,existing_paid,>=7 years,1
18,3390.0,3,20,2,<0 DM,all_paid,4-7 years,0
18,3880.0,4,67,2,<0 DM,existing_paid,1-4 years,0
12,3220.0,3,27,1,none,existing_paid,unemployed,0
18,6220.0,2,44,1,<0 DM,existing_paid,unemployed,1
24,3760.0,3,41,1,<0 DM,delay,1-4 years,1
48,2500.0,2,69,2,<0 DM,critical,>=7 years,1
30,3400.0,3,46,1,0-200 DM,existing_paid,4-7 years,1
24,2430.0,4,24,1,0-200 DM,critical,1-4 years,1
18,2080.0,2,22,1,none,existing_paid,unemployed,0
18,5470.0,3,48,1,0-200 DM,critical,<1 year,0
6,2430.0,2,65,1,none,existing_paid,1-4 years,1
18,1160.0,1,36,4,0-200 DM,existing_paid,1-4 years,0
30,3910.0,3,48,1,<0 DM,no_credits,>=7 years,1
18,2510.0,3,45,1,<0 DM,delay,<1 year,0
18,6890.0,3,62,1,none,no_credits,>=7 years,1
12,4260.0,2,49,1,<0 DM,existing_paid,4-7 years,0
12,6700.0,4,62,1,<0 DM,existing_paid,1-4 years,1
6,4730.0,1,70,2,<0 DM,existing_paid,4-7 years,1
24,5550.0,2,67,2,<0 DM,critical,4-7 years,1
18,3790.0,4,57,1,<0 DM,existing_paid,1-4 years,1
24,4910.0,4,48,2,none,critical,<1 year,0
18,1920.0,3,70,3,<0 DM,delay,4-7 years,0
30,4720.0,4,55,1,0-200 DM,existing_paid,<1 year,1
30,1430.0,2,30,1,none,all_paid,>=7 years,1
30,2980.0,2,35,1,none,existing_paid,<1 year,1
18,2220.0,4,52,1,0-200 DM,existing_paid,1-4 years,1
18,3550.0,4,46,1,none,existing_paid,1-4 years,1
36,2400.0,2,22,1,<0 DM,existing_paid,4-7 years,1
6,1460.0,1,52,3,none,no_credits,<1 year,1
12,1390.0,1,64,1,0-200 DM,existing_paid,1-4 years,0
18,1530.0,2,32,4,>=200 DM,delay,1-4 years,1
24,3610.0,4,31,1,none,critical,4-7 years,0
6,3680.0,3,67,1,0-200 DM,critical,1-4 years,1
24,2390.0,3,67,1,0-200 DM,existing_paid,<1 year,0
24,3980.0,3,68,2,0-200 DM,no_credits,<1 year,0
18,2820.0,4,21,1,0-200 DM,existing_paid,>=7 years,1
18,3820.0,1,39,2,none,no_credits,unemployed,0
18,3090.0,3,34,1,0-200 DM,delay,>=7 years,0
12,4820.0,4,69,1,<0 DM,existing_paid,1-4 years,1
12,1910.0,2,56,1,none,existing_paid,<1 year,0
12,1060.0,4,44,1,none,existing_paid,1-4 years,0
24,2840.0,3,24,1,<0 DM,existing_paid,1-4 years,1
24,3270.0,1,36,1,none,delay,1-4 years,0
18,1680.0,2,59,1,0-200 DM,existing_paid,1-4 years,0
24,1840.0,3,68,1,none,existing_paid,1-4 years,1
24,4200.0,3,24,2,none,existing_paid,<1 year,1
12,4260.0,3,59,1,none,existing_paid,<1 year,0
6,2770.0,2,68,2,none,delay,<1 year,1
36,1220.0,3,43,2,<0 DM,existing_paid,1-4 years,1
24,4110.0,2,66,1,<0 DM,critical,1-4 years,1
24,3250.0,2,42,1,0-200 DM,critical,<1 year,1
18,2250.0,2,48,2,none,existing_paid,1-4 years,1
30,5100.0,3,41,2,none,critical,1-4 years,0
24,820.0,1,63,2,<0 DM,existing_paid,<1 year,1
6,2990.0,2,61,1,<0 DM,existing_paid,1-4 years,0
36,4140.0,2,26,1,none,critical,1-4 years,1
12,1440.0,1,67,1,0-200 DM,existing_paid,>=7 years,0
12,1360.0,2,27,1,none,critical,unemployed,1
6,7240.0,3,24,1,none,critical,>=7 years,1
24,4240.0,3,51,2,<0 DM,critical,1-4 years,0
24,6250.0,3,51,1,<0 DM,critical,1-4 years,1
24,4900.0,3,63,1,none,delay,<1 year,0
36,3640.0,1,25,1,<0 DM,delay,unemployed,1
12,7780.0,4,60,1,<0 DM,existing_paid,>=7 years,0
24,3430.0,2,36,1,<0 DM,critical,>=7 years,1
24,2860.0,3,24,1,0-200 DM,critical,1-4 years,1
48,4900.0,4,63,2,<0 DM,existing_paid,1-4 years,1
12,5150.0,3,55,1,none,delay,<1 year,0
48,3930.0,2,39,1,none,existing_paid,unemployed,1
12,2240.0,2,44,1,<0 DM,delay,1-4 years,0
30,4890.0,1,33,1,none,no_credits,4-7 years,0
24,2220.0,3,62,1,<0 DM,delay,<1 year,1
30,3140.0,3,48,1,<0 DM,existing_paid,>=7 years,0
6,1840.0,3,29,1,0-200 DM,critical,1-4 years,0
6,1900.0,1,26,1,none,existing_paid,>=7 years,0
6,910.0,4,23,2,none,existing_paid,1-4 years,1
24,2810.0,3,26,1,<0 DM,critical,4-7 years,1
24,3710.0,1,23,1,<0 DM,critical,1-4 years,1
36,7620.0,2,28,1,none,no_credits,>=7 years,0
18,2120.0,3,33,3,<0 DM,all_paid,>=7 years,1
6,3200.0,3,56,2,none,existing_paid,1-4 years,1
12,2890.0,1,68,1,<0 DM,existing_paid,4-7 years,1
6,3780.0,1,21,1,none,critical,<1 year,1
30,2580.0,4,59,1,0-200 DM,existing_paid,<1 year,1
30,4280.0,2,28,2,0-200 DM,critical,4-7 years,1
48,1770.0,2,25,1,none,existing_paid,4-7 years,0
18,3050.0,4,69,1,<0 DM,existing_paid,4-7 years,1
6,3670.0,3,42,2,0-200 DM,critical,4-7 years,1
12,5320.0,3,44,1,0-200 DM,existing_paid,>=7 years,0
24,4320.0,3,52,1,<0 DM,existing_paid,>=7 years,1
48,3010.0,3,26,2,<0 DM,existing_paid,1-4 years,1
12,1900.0,3,57,2,<0 DM,all_paid,4-7 years,1
12,8140.0,4,23,1,<0 DM,existing_paid,>=7 years,1
24,2050.0,2,54,2,none,critical,1-4 years,0
24,1510.0,2,61,3,0-200 DM,existing_paid,1-4 years,1
12,2160.0,1,44,3,0-200 DM,existing_paid,>=7 years,0
30,1350.0,3,28,1,none,critical,>=7 years,0
12,3650.0,3,51,1,none,existing_paid,>=7 years,1
36,3000.0,1,54,1,0-200 DM,critical,<1 year,1
12,2670.0,2,49,2,0-200 DM,critical,1-4 years,0
6,2840.0,2,56,1,0-200 DM,critical,1-4 years,0
12,2240.0,2,68,1,<0 DM,delay,1-4 years,0
12,1010.0,4,43,1,none,critical,1-4 years,0
18,4910.0,3,63,1,none,existing_paid,1-4 years,0
24,2350.0,1,31,2,none,existing_paid,4-7 years,0
18,1380.0,2,19,1,0-200 DM,existing_paid,4-7 years,0
24,1140.0,1,54,2,>=200 DM,critical,>=7 years,0
18,5900.0,3,54,1,0-200 DM,existing_paid,1-4 years,0
6,2500.0,3,68,1,<0 DM,existing_paid,1-4 years,0
48,2460.0,4,42,3,0-200 DM,delay,1-4 years,1
30,3880.0,3,45,1,none,critical,1-4 years,0
6,2250.0,3,36,1,none,critical,1-4 years,0
18,1330.0,4,68,4,<0 DM,critical,>=7 years,1
24,2120.0,3,65,1,0-200 DM,existing_paid,<1 year,1
12,3430.0,2,68,1,0-200 DM,critical,1-4 years,0
24,2110.0,3,33,2,none,delay,1-4 years,1
18,1860.0,3,35,1,none,existing_paid,<1 year,0
12,1620.0,3,47,1,0-200 DM,no_credits,<1 year,0
12,3700.0,2,23,1,none,existing_paid,>=7 years,0
30,3380.0,2,29,1,none,all_paid,>=7 years,0
12,3960.0,2,34,1,none,existing_paid,>=7 years,1
12,2680.0,1,70,1,0-200 DM,existing_paid,4-7 years,1
24,2340.0,4,52,2,0-200 DM,existing_paid,>=7 years,1
24,1910.0,3,35,1,0-200 DM,existing_paid,<1 year,1
12,2510.0,3,51,2,0-200 DM,delay,>=7 years,0
36,1170.0,3,68,1,none,delay,1-4 years,1
24,3520.0,3,67,1,<0 DM,existing_paid,>=7 years,1
12,2380.0,4,49,1,none,existing_paid,1-4 years,1
18,5230.0,2,36,4,0-200 DM,critical,>=7 years,1
24,2910.0,3,69,2,<0 DM,critical,4-7 years,0
12,1000.0,2,43,2,0-200 DM,existing_paid,<1 year,0
18,3270.0,4,23,1,<0 DM,existing_paid,4-7 years,0
24,8270.0,4,48,1,<0 DM,existing_paid,1-4 years,1
18,3690.0,4,63,1,none,no_credits,<1 year,0
24,4520.0,1,41,1,none,critical,1-4 years,0
18,5540.0,2,56,2,<0 DM,critical,1-4 years,1
12,1820.0,1,63,1,none,delay,1-4 years,0
18,2740.0,3,36,2,<0 DM,existing_paid,1-4 years,1
18,1870.0,3,50,2,0-200 DM,critical,1-4 years,0
30,4230.0,2,48,1,<0 DM,critical,1-4 years,1
24,1880.0,3,47,3,<0 DM,critical,<1 year,1
18,2660.0,2,54,1,<0 DM,delay,<1 year,1
48,4430.0,4,27,2,none,delay,>=7 years,1
12,4200.0,2,41,2,none,existing_paid,>=7 years,0
12,3240.0,2,21,1,none,existing_paid,>=7 years,0
12,5570.0,3,40,1,none,existing_paid,1-4 years,1
12,4410.0,3,58,2,none,delay,>=7 years,1
24,2130.0,1,63,1,0-200 DM,existing_paid,4-7 years,0
6,1360.0,4,49,4,0-200 DM,existing_paid,<1 year,1
12,1770.0,3,40,1,none,existing_paid,>=7 years,1
12,4570.0,4,29,1,none,critical,unemployed,1
24,3670.0,4,60,3,<0 DM,existing_paid,>=7 years,1
36,5610.0,3,61,1,0-200 DM,existing_paid,1-4 years,1
30,3880.0,4,21,1,0-200 DM,critical,4-7 years,1
12,4470.0,4,32,2,0-200 DM,critical,<1 year,0
24,3490.0,4,64,1,none,critical,1-4 years,0
6,2090.0,4,37,1,0-200 DM,critical,>=7 years,0
12,2030.0,4,49,1,<0 DM,delay,1-4 years,1
30,1780.0,3,54,2,0-200 DM,delay,<1 year,0
18,2090.0,2,50,1,none,critical,<1 year,0
12,5690.0,4,44,2,0-200 DM,existing_paid,4-7 years,1
18,4160.0,3,19,1,none,no_credits,unemployed,1
12,2700.0,2,20,1,0-200 DM,critical,1-4 years,0
18,3730.0,2,24,1,<0 DM,critical,1-4 years,1
18,3700.0,3,63,3,0-200 DM,existing_paid,1-4 years,1
12,5960.0,3,32,1,<0 DM,existing_paid,4-7 years,1
36,2550.0,1,46,1,<0 DM,existing_paid,>=7 years,0
24,3380.0,1,51,1,0-200 DM,existing_paid,1-4 years,0
30,4490.0,3,43,1,none,existing_paid,1-4 years,0
30,2070.0,2,58,1,0-200 DM,existing_paid,1-4 years,1
24,6240.0,3,36,1,none,no_credits,>=7 years,0
18,4370.0,4,64,1,0-200 DM,existing_paid,1-4 years,0
6,1770.0,4,52,2,<0 DM,no_credits,>=7 years,1
24,7400.0,2,30,1,<0 DM,existing_paid,1-4 years,1
18,5580.0,1,45,1,none,existing_paid,>=7 years,0
12,4080.0,3,42,1,0-200 DM,existing_paid,<1 year,1
18,1060.0,3,51,1,0-200 DM,all_paid,1-4 years,1
24,2280.0,1,71,1,<0 DM,all_paid,1-4 years,1
48,3250.0,2,33,1,none,critical,4-7 years,1
18,3390.0,4,61,2,none,existing_paid,1-4 years,0
18,3110.0,4,50,1,0-200 DM,all_paid,4-7 years,1
36,1510.0,3,68,1,none,delay,1-4 years,0
12,2620.0,1,35,1,0-200 DM,critical,4-7 years,1
12,2760.0,2,53,2,<0 DM,critical,4-7 years,1
12,960.0,2,65,1,none,existing_paid,>=7 years,0
36,4060.0,2,63,1,none,existing_paid,1-4 years,0
12,6620.0,3,53,1,none,critical,>=7 years,0
12,2870.0,3,31,3,<0 DM,existing_paid,1-4 years,0
18,4100.0,1,27,1,<0 DM,all_paid,1-4 years,1
30,1790.0,4,28,1,none,critical,4-7 years,0
36,3610.0,3,19,1,0-200 DM,critical,1-4 years,1
18,3650.0,3,52,2,none,existing_paid,4-7 years,0
36,5240.0,4,64,1,none,all_paid,>=7 years,0
12,5800.0,3,55,2,>=200 DM,critical,4-7 years,0
12,4070.0,4,43,2,<0 DM,existing_paid,>=7 years,1
36,2110.0,2,40,1,<0 DM,existing_paid,4-7 years,1
18,2070.0,2,28,1,0-200 DM,critical,<1 year,1
12,5770.0,3,44,1,none,existing_paid,>=7 years,1
18,1240.0,3,37,1,<0 DM,existing_paid,>=7 years,0
30,1590.0,2,58,1,0-200 DM,existing_paid,<1 year,1
30,2270.0,3,63,1,none,delay,<1 year,0
36,3910.0,1,59,1,0-200 DM,existing_paid,4-7 years,1
24,6500.0,3,68,1,0-200 DM,critical,<1 year,1
36,6790.0,3,22,2,none,delay,1-4 years,1
18,850.0,3,58,1,none,existing_paid,unemployed,0
24,3550.0,3,23,1,0-200 DM,critical,1-4 years,1
30,2980.0,4,47,1,none,existing_paid,1-4 years,0
18,1920.0,2,56,2,0-200 DM,critical,4-7 years,0
6,820.0,4,70,1,none,existing_paid,<1 year,0
18,2970.0,1,23,1,<0 DM,existing_paid,>=7 years,1
24,1570.0,3,19,4,0-200 DM,existing_paid,1-4 years,0
12,3830.0,3,46,1,<0 DM,delay,4-7 years,1
12,3120.0,4,37,1,0-200 DM,existing_paid,1-4 years,1
12,1070.0,4,54,2,<0 DM,existing_paid,4-7 years,1
6,2700.0,4,19,1,none,critical,4-7 years,1
24,1340.0,1,47,1,none,delay,unemployed,0
12,3460.0,4,69,1,none,existing_paid,1-4 years,0
12,4280.0,2,54,2,0-200 DM,existing_paid,>=7 years,1
24,2440.0,1,50,4,none,existing_paid,4-7 years,0
30,5610.0,2,32,1,none,critical,>=7 years,1
6,3490.0,3,50,1,0-200 DM,existing_paid,1-4 years,0
12,3070.0,3,64,1,0-200 DM,delay,4-7 years,0
36,3100.0,2,27,1,0-200 DM,critical,1-4 years,1
18,2700.0,1,37,2,<0 DM,all_paid,<1 year,0
36,2650.0,3,29,2,none,delay,4-7 years,1
12,1550.0,4,66,1,0-200 DM,delay,>=7 years,0
12,6280.0,3,69,4,0-200 DM,all_paid,4-7 years,0
12,2680.0,3,22,1,none,critical,1-4 years,1
6,6790.0,3,59,1,0-200 DM,existing_paid,1-4 years,1
36,4240.0,4,43,2,<0 DM,existing_paid,1-4 years,1
48,2820.0,4,35,1,<0 DM,critical,unemployed,1
48,3250.0,3,65,1,0-200 DM,existing_paid,1-4 years,1
36,4280.0,3,26,1,<0 DM,existing_paid,1-4 years,1
30,4960.0,4,63,1,none,existing_paid,1-4 years,1
24,3040.0,4,19,1,0-200 DM,critical,<1 year,1
30,4730.0,1,20,2,0-200 DM,no_credits,1-4 years,0
12,4200.0,3,28,1,<0 DM,existing_paid,1-4 years,1
18,4300.0,4,45,1,<0 DM,existing_paid,>=7 years,1
24,4740.0,3,71,1,none,existing_paid,>=7 years,0
36,2210.0,3,45,2,<0 DM,existing_paid,>=7 years,1
24,5910.0,3,31,1,none,existing_paid,unemployed,1
30,3670.0,2,29,2,<0 DM,existing_paid,<1 year,1
18,4950.0,2,32,1,none,existing_paid,<1 year,0
24,3040.0,4,50,1,none,existing_paid,<1 year,0
48,3430.0,3,34,2,0-200 DM,critical,4-7 years,1
12,2210.0,4,47,1,none,existing_paid,4-7 years,0
36,1700.0,4,56,1,0-200 DM,existing_paid,4-7 years,1
18,2760.0,3,52,2,none,critical,1-4 years,1
24,4380.0,4,44,1,<0 DM,critical,1-4 years,1
36,2240.0,2,23,3,0-200 DM,existing_paid,4-7 years,1
18,1250.0,3,37,1,<0 DM,existing_paid,<1 year,0
18,5380.0,3,57,2,>=200 DM,existing_paid,>=7 years,1
18,1580.0,3,46,2,none,existing_paid,>=7 years,1
6,3610.0,2,46,1,0-200 DM,delay,1-4 years,0
18,7240.0,2,35,1,none,existing_paid,>=7 years,0
12,13010.0,2,55,1,none,critical,4-7 years,1
36,2830.0,3,62,4,none,delay,1-4 years,1
6,5420.0,4,37,2,<0 DM,critical,<1 year,0
18,3640.0,4,45,1,0-200 DM,all_paid,1-4 years,0
36,1820.0,2,68,1,0-200 DM,existing_paid,4-7 years,0
36,2710.0,2,30,1,<0 DM,delay,<1 year,1
24,2350.0,1,21,2,0-200 DM,existing_paid,>=7 years,1
24,5310.0,2,22,3,<0 DM,existing_paid,unemployed,1
12,7080.0,4,65,1,none,existing_paid,<1 year,1
18,2500.0,4,65,2,none,existing_paid,1-4 years,0
6,1270.0,2,29,1,none,existing_paid,4-7 years,0
30,3370.0,2,52,2,none,no_credits,>=7 years,0
12,1890.0,2,36,1,none,no_credits,1-4 years,1
24,1670.0,2,53,2,<0 DM,critical,4-7 years,1
18,2120.0,4,36,2,none,existing_paid,>=7 years,1
18,2030.0,3,64,1,<0 DM,delay,1-4 years,1
24,3820.0,4,24,2,<0 DM,existing_paid,<1 year,1
30,4300.0,3,52,1,<0 DM,existing_paid,unemployed,0
12,3590.0,2,51,3,<0 DM,delay,1-4 years,0
18,1880.0,2,26,2,none,no_credits,<1 year,0
12,1910.0,1,60,1,none,delay,1-4 years,0
6,2960.0,4,38,1,<0 DM,existing_paid,<1 year,1
24,2570.0,4,68,2,<0 DM,existing_paid,unemployed,0
12,3120.0,4,38,1,<0 DM,critical,1-4 years,0
6,3750.0,1,61,1,none,delay,>=7 years,0
36,2940.0,4,36,2,0-200 DM,critical,1-4 years,0
18,4120.0,1,45,1,none,existing_paid,<1 year,1
12,3440.0,1,66,2,<0 DM,existing_paid,4-7 years,1
6,4220.0,3,23,1,none,critical,>=7 years,1
12,1620.0,3,25,1,<0 DM,critical,<1 year,0
18,1180.0,4,40,1,0-200 DM,existing_paid,4-7 years,0
24,1850.0,3,52,1,<0 DM,existing_paid,<1 year,0
24,5120.0,2,61,2,>=200 DM,existing_paid,>=7 years,1
12,3450.0,2,31,2,<0 DM,existing_paid,>=7 years,1
24,2220.0,2,70,1,none,delay,4-7 years,0
18,2050.0,1,50,2,<0 DM,existing_paid,>=7 years,1
18,4360.0,2,42,2,>=200 DM,critical,<1 year,1
30,3490.0,3,34,3,<0 DM,critical,<1 year,1
12,1490.0,2,32,2,0-200 DM,critical,1-4 years,1
12,1480.0,4,57,1,<0 DM,existing_paid,1-4 years,1
36,4150.0,3,25,1,none,critical,>=7 years,0
12,2180.0,2,62,2,<0 DM,existing_paid,1-4 years,1
12,1310.0,3,30,2,0-200 DM,existing_paid,<1 year,1
24,1300.0,3,38,1,0-200 DM,existing_paid,>=7 years,1
24,3820.0,3,51,2,none,existing_paid,unemployed,1
30,2240.0,1,24,1,<0 DM,critical,1-4 years,0
12,4540.0,4,58,1,none,no_credits,4-7 years,0
18,3170.0,1,45,1,0-200 DM,critical,<1 year,1
12,2440.0,4,31,1,0-200 DM,delay,1-4 years,1
18,3070.0,1,23,2,<0 DM,all_paid,1-4 years,1
12,7620.0,4,42,1,0-200 DM,existing_paid,unemployed,1
24,1790.0,3,28,1,0-200 DM,existing_paid,4-7 years,1
6,5560.0,3,64,1,<0 DM,delay,>=7 years,1
6,4170.0,1,50,1,<0 DM,critical,<1 year,1
18,2290.0,2,27,1,none,delay,1-4 years,0
48,4170.0,4,67,2,<0 DM,existing_paid,1-4 years,0
36,3380.0,4,53,1,<0 DM,critical,>=7 years,1
48,2910.0,3,62,2,>=200 DM,critical,<1 year,0
18,2560.0,2,30,1,<0 DM,delay,1-4 years,1
6,4970.0,1,29,2,0-200 DM,existing_paid,<1 year,1
12,3130.0,3,54,1,>=200 DM,all_paid,4-7 years,0
24,1860.0,2,26,1,<0 DM,existing_paid,1-4 years,1
12,3020.0,1,28,1,0-200 DM,existing_paid,1-4 years,0
12,1330.0,3,32,2,<0 DM,delay,<1 year,1
6,2180.0,3,48,1,0-200 DM,critical,4-7 years,0
18,4100.0,1,19,1,none,critical,4-7 years,0
12,1740.0,1,30,1,0-200 DM,existing_paid,unemployed,1
6,9150.0,3,23,1,none,existing_paid,<1 year,1
18,940.0,1,32,1,none,all_paid,>=7 years,0
18,2530.0,4,54,1,none,existing_paid,1-4 years,0
18,4320.0,2,35,2,none,critical,1-4 years,0
24,1360.0,1,40,3,<0 DM,existing_paid,4-7 years,1
12,4360.0,4,49,1,0-200 DM,existing_paid,4-7 years,1
30,4200.0,3,44,2,none,critical,1-4 years,1
6,2630.0,2,31,1,0-200 DM,existing_paid,4-7 years,1
18,1900.0,3,21,1,<0 DM,existing_paid,1-4 years,1
24,3110.0,1,61,1,<0 DM,existing_paid,>=7 years,1
48,4110.0,3,29,2,0-200 DM,delay,>=7 years,1
24,1970.0,2,23,3,none,critical,1-4 years,1
12,2900.0,3,56,2,>=200 DM,critical,1-4 years,1
18,1400.0,3,22,1,>=200 DM,critical,<1 year,0
18,4690.0,3,50,1,0-200 DM,no_credits,1-4 years,1
18,6950.0,4,28,2,<0 DM,no_credits,1-4 years,1
12,2390.0,3,28,1,<0 DM,no_credits,<1 year,1
18,2100.0,3,62,1,0-200 DM,delay,1-4 years,1
12,5220.0,2,36,1,<0 DM,critical,<1 year,1
24,5170.0,1,65,2,<0 DM,no_credits,4-7 years,1
24,4430.0,4,41,2,<0 DM,no_credits,1-4 years,1
6,1590.0,4,36,1,none,critical,>=7 years,1
36,740.0,2,53,4,<0 DM,existing_paid,1-4 years,1
24,2830.0,4,21,2,0-200 DM,critical,1-4 years,1
12,3830.0,3,19,1,none,all_paid,>=7 years,1
6,2400.0,3,35,1,<0 DM,critical,unemployed,1
24,5110.0,1,60,1,0-200 DM,existing_paid,>=7 years,0
18,2150.0,2,24,1,none,critical,4-7 years,0
36,1200.0,3,29,2,none,existing_paid,4-7 years,0
6,2390.0,1,32,2,none,delay,4-7 years,1
6,3650.0,3,67,1,0-200 DM,existing_paid,1-4 years,0
36,1730.0,4,46,2,none,existing_paid,4-7 years,1
48,3460.0,3,57,1,<0 DM,existing_paid,1-4 years,1
6,2820.0,3,54,1,none,critical,1-4 years,1
24,6870.0,3,29,2,none,existing_paid,>=7 years,1
12,4780.0,1,69,1,>=200 DM,critical,>=7 years,0
24,9650.0,4,59,1,>=200 DM,critical,1-4 years,1
36,1540.0,4,71,1,none,existing_paid,>=7 years,0
12,5680.0,3,58,1,0-200 DM,critical,1-4 years,1
12,1010.0,1,70,1,0-200 DM,no_credits,1-4 years,0
6,4990.0,2,22,1,none,existing_paid,4-7 years,0
6,1170.0,2,66,1,<0 DM,existing_paid,unemployed,0
6,4330.0,3,24,1,none,critical,1-4 years,0
30,3480.0,2,56,1,none,critical,>=7 years,1
12,3690.0,3,37,1,none,no_credits,1-4 years,1
18,950.0,3,49,1,<0 DM,critical,>=7 years,1
30,4160.0,1,20,2,<0 DM,existing_paid,>=7 years,0
18,1200.0,3,61,1,none,critical,>=7 years,1
18,6880.0,2,43,2,<0 DM,delay,unemployed,1
6,2080.0,4,68,1,none,existing_paid,<1 year,0
24,2490.0,2,59,1,none,all_paid,1-4 years,0
12,5640.0,2,66,2,<0 DM,critical,4-7 years,0
30,3160.0,1,29,1,none,critical,4-7 years,0
12,3190.0,4,64,1,<0 DM,existing_paid,>=7 years,1
24,3930.0,3,58,1,0-200 DM,critical,<1 year,0
24,1790.0,3,63,2,0-200 DM,critical,>=7 years,0
24,2060.0,1,60,1,none,critical,>=7 years,0
12,3240.0,3,62,1,none,existing_paid,<1 year,1
12,7150.0,2,39,1,<0 DM,existing_paid,4-7 years,1
36,4530.0,4,21,1,0-200 DM,no_credits,1-4 years,1
6,4700.0,4,20,1,0-200 DM,critical,>=7 years,1
12,5920.0,3,29,1,0-200 DM,critical,<1 year,0
24,5120.0,4,42,2,0-200 DM,existing_paid,<1 year,1
30,4420.0,1,68,3,none,critical,<1 year,0
18,2800.0,2,42,1,none,delay,<1 year,0
24,1710.0,2,39,2,<0 DM,existing_paid,4-7 years,1
24,1840.0,1,43,1,none,critical,>=7 years,0
6,5400.0,4,22,2,none,existing_paid,4-7 years,0
24,4110.0,1,58,1,none,no_credits,1-4 years,0
30,710.0,4,61,2,<0 DM,existing_paid,1-4 years,1
48,3120.0,4,65,1,none,delay,1-4 years,0
6,880.0,2,41,2,none,existing_paid,1-4 years,0
24,2790.0,1,42,2,none,existing_paid,1-4 years,1
18,5200.0,1,39,1,>=200 DM,existing_paid,4-7 years,1
6,4100.0,2,20,1,0-200 DM,no_credits,1-4 years,1
24,2520.0,3,41,2,none,existing_paid,4-7 years,0
12,3380.0,3,69,1,0-200 DM,existing_paid,4-7 years,0
18,2080.0,3,33,3,0-200 DM,critical,<1 year,1
12,1460.0,4,44,3,0-200 DM,no_credits,>=7 years,1
18,2000.0,2,44,2,0-200 DM,existing_paid,1-4 years,0
18,4910.0,2,46,1,0-200 DM,existing_paid,1-4 years,0
18,5750.0,4,44,1,<0 DM,existing_paid,unemployed,1
24,5060.0,2,63,2,0-200 DM,existing_paid,1-4 years,1
12,4750.0,2,20,1,0-200 DM,critical,<1 year,1
24,1640.0,4,53,1,<0 DM,all_paid,1-4 years,0
36,2640.0,4,50,1,none,all_paid,1-4 years,0
12,2790.0,4,48,3,0-200 DM,critical,4-7 years,0
18,2320.0,1,64,1,none,existing_paid,>=7 years,1
24,1720.0,3,38,2,<0 DM,critical,4-7 years,1
24,3470.0,1,31,1,none,existing_paid,4-7 years,1
18,3400.0,4,45,1,none,delay,4-7 years,0
24,2600.0,2,41,2,0-200 DM,delay,>=7 years,1
6,6500.0,2,34,1,0-200 DM,delay,>=7 years,1
18,2390.0,4,49,1,none,delay,unemployed,0
18,2900.0,4,30,2,none,existing_paid,1-4 years,1
6,1350.0,3,51,1,<0 DM,delay,<1 year,1
18,4450.0,1,56,1,none,existing_paid,1-4 years,0
24,5640.0,3,63,1,0-200 DM,existing_paid,>=7 years,0
30,1260.0,4,50,1,none,existing_paid,<1 year,1
12,3940.0,3,20,2,0-200 DM,all_paid,>=7 years,1
48,2520.0,1,68,1,<0 DM,critical,4-7 years,1
24,4590.0,2,67,1,<0 DM,delay,>=7 years,1
18,3530.0,4,69,1,<0 DM,critical,>=7 years,0
12,3530.0,3,41,1,none,existing_paid,4-7 years,0
24,3390.0,3,50,1,none,critical,>=7 years,0
36,7410.0,2,33,1,none,existing_paid,>=7 years,0
18,1470.0,3,58,2,none,existing_paid,1-4 years,0
24,890.0,4,59,2,<0 DM,existing_paid,>=7 years,1
18,4480.0,2,58,2,<0 DM,delay,<1 year,1
18,1640.0,3,26,1,none,critical,>=7 years,0
12,4650.0,2,61,1,>=200 DM,critical,1-4 years,0
24,4370.0,1,68,2,none,existing_paid,1-4 years,1
18,1980.0,4,67,1,0-200 DM,critical,>=7 years,0
12,10870.0,4,40,2,none,all_paid,4-7 years,1
18,6230.0,3,56,2,0-200 DM,existing_paid,1-4 years,1
36,2950.0,2,52,1,none,delay,<1 year,1
24,3440.0,2,19,1,none,critical,unemployed,1
12,5470.0,4,28,1,none,existing_paid,1-4 years,0
36,1530.0,2,58,1,0-200 DM,existing_paid,<1 year,1
6,3950.0,4,34,2,0-200 DM,no_credits,4-7 years,1
6,2910.0,2,42,3,<0 DM,critical,1-4 years,0
12,6350.0,4,64,2,none,existing_paid,4-7 years,0
12,1100.0,4,42,1,<0 DM,critical,1-4 years,1
6,3570.0,1,66,2,none,delay,1-4 years,0
24,1530.0,4,32,2,none,existing_paid,unemployed,1
24,3980.0,2,44,2,none,no_credits,unemployed,1
24,3170.0,2,57,2,<0 DM,critical,>=7 years,1
24,3370.0,3,36,1,none,critical,>=7 years,0
30,4800.0,3,38,1,none,existing_paid,<1 year,0
12,4200.0,2,59,1,none,existing_paid,1-4 years,0
24,2110.0,3,54,1,<0 DM,existing_paid,>=7 years,1
24,960.0,2,42,1,0-200 DM,delay,1-4 years,1
36,1170.0,1,44,1,>=200 DM,no_credits,<1 year,0
12,2160.0,3,47,1,0-200 DM,no_credits,1-4 years,0
6,3410.0,3,66,1,<0 DM,existing_paid,1-4 years,0
24,3010.0,3,40,3,none,existing_paid,<1 year,0
24,3470.0,3,29,1,<0 DM,existing_paid,1-4 years,1
12,5580.0,4,59,1,<0 DM,critical,>=7 years,1
24,2220.0,3,67,1,0-200 DM,critical,1-4 years,1
6,4630.0,1,29,1,none,existing_paid,4-7 years,1
48,3330.0,3,70,2,>=200 DM,no_credits,1-4 years,0
12,5890.0,3,21,1,0-200 DM,existing_paid,>=7 years,0
6,3540.0,3,39,1,0-200 DM,critical,4-7 years,0
6,6980.0,3,29,2,none,critical,<1 year,1
18,4400.0,2,26,1,<0 DM,existing_paid,<1 year,1
6,5240.0,1,49,2,<0 DM,existing_paid,4-7 years,1
24,2170.0,3,28,2,<0 DM,delay,<1 year,1
36,5820.0,2,24,2,0-200 DM,existing_paid,1-4 years,1
12,7050.0,3,35,1,>=200 DM,critical,1-4 years,0
24,4130.0,3,56,1,none,all_paid,1-4 years,0
6,2660.0,3,25,1,none,existing_paid,1-4 years,1
18,5330.0,3,50,1,<0 DM,no_credits,1-4 years,1
12,4600.0,1,31,1,<0 DM,critical,<1 year,1
12,8200.0,4,24,1,<0 DM,existing_paid,>=7 years,1
24,4050.0,3,21,1,<0 DM,existing_paid,unemployed,0
12,2930.0,3,45,1,<0 DM,delay,1-4 years,0
36,3310.0,2,63,3,none,existing_paid,<1 year,1
24,1940.0,1,60,2,0-200 DM,all_paid,unemployed,1
24,2620.0,3,44,1,none,existing_paid,>=7 years,1
36,1060.0,2,22,2,0-200 DM,delay,>=7 years,1
36,2870.0,2,55,2,<0 DM,no_credits,1-4 years,1
24,5390.0,2,39,1,0-200 DM,delay,1-4 years,1
18,8670.0,3,69,1,>=200 DM,existing_paid,unemployed,1
12,2540.0,3,46,1,none,existing_paid,1-4 years,1
24,4300.0,3,36,2,none,existing_paid,4-7 years,1
18,2930.0,4,50,1,0-200 DM,existing_paid,>=7 years,1
36,2510.0,2,57,2,none,critical,>=7 years,1
12,1690.0,3,71,2,0-200 DM,no_credits,unemployed,1
12,6670.0,1,51,2,none,critical,1-4 years,1
12,1250.0,3,44,1,none,existing_paid,1-4 years,1
30,3900.0,3,35,1,none,critical,<1 year,0
6,1410.0,2,70,1,0-200 DM,critical,>=7 years,0
18,2260.0,2,47,1,none,existing_paid,1-4 years,0
18,6480.0,4,38,1,none,existing_paid,<1 year,1
6,1650.0,1,48,2,<0 DM,delay,>=7 years,1
18,3700.0,3,68,2,0-200 DM,critical,1-4 years,0
18,5830.0,4,23,1,0-200 DM,existing_paid,>=7 years,0
6,3830.0,3,24,1,<0 DM,existing_paid,4-7 years,1
18,3930.0,3,60,2,0-200 DM,critical,1-4 years,0
48,3800.0,4,69,3,0-200 DM,existing_paid,<1 year,0
48,5180.0,2,28,1,<0 DM,critical,1-4 years,1
18,5740.0,2,24,2,0-200 DM,delay,<1 year,1
18,3570.0,4,28,1,none,existing_paid,4-7 years,1
12,3250.0,4,60,1,<0 DM,existing_paid,1-4 years,1
48,1370.0,1,39,1,none,delay,<1 year,1
12,1970.0,2,62,2,0-200 DM,existing_paid,4-7 years,0
18,3760.0,2,22,1,none,existing_paid,>=7 years,0
6,1100.0,4,31,2,0-200 DM,existing_paid,unemployed,0
12,1870.0,3,28,1,0-200 DM,existing_paid,4-7 years,1
6,2560.0,4,34,1,0-200 DM,delay,<1 year,1
24,1550.0,4,37,1,none,existing_paid,>=7 years,1
24,1900.0,4,24,1,none,existing_paid,>=7 years,1
24,3930.0,3,44,1,none,critical,unemployed,1
12,2910.0,2,27,1,0-200 DM,delay,4-7 years,0
30,4510.0,1,64,1,<0 DM,existing_paid,1-4 years,0
6,2490.0,3,28,1,>=200 DM,existing_paid,unemployed,0
12,2880.0,2,58,1,0-200 DM,existing_paid,4-7 years,1
24,3520.0,2,21,2,<0 DM,existing_paid,<1 year,1
36,1960.0,3,67,1,<0 DM,existing_paid,1-4 years,0
12,4060.0,3,37,1,0-200 DM,existing_paid,<1 year,0
18,1700.0,4,53,2,<0 DM,critical,>=7 years,0
18,2080.0,2,64,1,0-200 DM,critical,4-7 years,0
36,2290.0,2,24,1,none,all_paid,<1 year,0
6,2150.0,3,47,1,0-200 DM,all_paid,>=7 years,0
18,3190.0,4,37,1,none,existing_paid,4-7 years,0
12,2160.0,4,68,1,<0 DM,delay,<1 year,0
6,2760.0,2,62,1,<0 DM,existing_paid,<1 year,1
12,5540.0,2,33,1,>=200 DM,existing_paid,>=7 years,0
48,5810.0,4,56,1,none,existing_paid,1-4 years,1
12,590.0,1,39,1,none,existing_paid,>=7 years,0
36,3920.0,2,62,1,none,critical,<1 year,0
12,980.0,2,69,1,none,critical,1-4 years,0
36,4070.0,3,57,2,none,existing_paid,>=7 years,1
24,5050.0,3,41,1,none,all_paid,4-7 years,1
12,2360.0,1,38,1,none,existing_paid,1-4 years,0
24,5890.0,3,60,2,<0 DM,existing_paid,unemployed,1
12,1990.0,1,68,2,none,critical,1-4 years,0
18,5380.0,3,20,1,<0 DM,delay,>=7 years,1
18,4970.0,3,63,1,none,critical,>=7 years,0
18,1330.0,3,50,2,<0 DM,existing_paid,<1 year,0
24,2470.0,1,65,2,0-200 DM,existing_paid,4-7 years,1
30,1210.0,3,46,1,none,existing_paid,>=7 years,1
12,1580.0,3,22,1,<0 DM,no_credits,4-7 years,1
36,6000.0,3,25,2,none,existing_paid,4-7 years,0
36,4060.0,3,21,1,0-200 DM,delay,1-4 years,1
6,2140.0,3,43,1,<0 DM,critical,>=7 years,1
6,1010.0,1,66,1,none,critical,>=7 years,0
18,1180.0,1,27,2,<0 DM,existing_paid,>=7 years,1
24,2790.0,2,41,3,none,existing_paid,>=7 years,0
12,6170.0,3,41,1,0-200 DM,existing_paid,1-4 years,0
12,4660.0,3,67,1,none,existing_paid,>=7 years,0
24,2850.0,4,44,1,none,delay,<1 year,0
24,2850.0,3,58,1,none,existing_paid,>=7 years,0
12,3550.0,4,36,1,none,existing_paid,1-4 years,1
36,5580.0,2,42,1,<0 DM,critical,1-4 years,1
24,1760.0,2,45,1,none,existing_paid,>=7 years,1
18,3520.0,4,63,2,none,existing_paid,>=7 years,0
24,1530.0,2,20,1,0-200 DM,critical,>=7 years,1
12,3370.0,3,19,1,0-200 DM,existing_paid,1-4 years,1
18,2830.0,2,66,2,none,critical,1-4 years,0
12,1230.0,4,34,1,none,critical,unemployed,1
6,3560.0,3,61,1,<0 DM,critical,1-4 years,0
12,2300.0,2,42,1,<0 DM,existing_paid,4-7 years,1
12,2460.0,3,54,1,<0 DM,delay,unemployed,1
24,1860.0,2,29,2,0-200 DM,existing_paid,>=7 years,1
24,3320.0,4,44,1,<0 DM,critical,1-4 years,0
12,3200.0,2,24,2,0-200 DM,critical,4-7 years,1
6,4530.0,3,44,2,0-200 DM,critical,4-7 years,1
30,3770.0,2,47,1,none,critical,1-4 years,1
6,1870.0,4,61,1,none,existing_paid,<1 year,0
12,4670.0,4,19,1,<0 DM,existing_paid,>=7 years,0
18,5300.0,4,27,2,<0 DM,delay,<1 year,1
30,2020.0,4,45,1,none,critical,4-7 years,1
30,2560.0,1,25,3,none,no_credits,4-7 years,1
24,2270.0,4,71,1,none,existing_paid,1-4 years,0
12,3120.0,3,21,1,none,existing_paid,<1 year,0
24,1920.0,4,27,1,<0 DM,critical,>=7 years,1
12,4480.0,3,20,1,0-200 DM,critical,1-4 years,0
12,1700.0,2,28,1,none,existing_paid,>=7 years,0
18,2440.0,3,35,1,<0 DM,critical,<1 year,1
24,3700.0,1,49,1,0-200 DM,existing_paid,<1 year,0
6,3120.0,3,19,1,<0 DM,critical,1-4 years,1
6,3210.0,3,36,1,0-200 DM,critical,<1 year,1
30,1600.0,2,24,1,>=200 DM,critical,1-4 years,1
36,2840.0,4,56,1,0-200 DM,existing_paid,>=7 years,1
24,5170.0,4,59,2,0-200 DM,existing_paid,<1 year,0
18,4360.0,4,60,1,>=200 DM,critical,<1 year,0
30,2590.0,4,65,1,none,critical,<1 year,0
24,3090.0,3,22,1,none,existing_paid,>=7 years,1
24,3430.0,3,58,1,none,existing_paid,4-7 years,1
12,5940.0,1,22,1,<0 DM,existing_paid,1-4 years,1
12,2360.0,4,53,2,0-200 DM,existing_paid,4-7 years,0
18,4320.0,4,22,2,<0 DM,critical,4-7 years,1
12,3120.0,3,19,4,<0 DM,delay,<1 year,1
12,5170.0,4,59,1,0-200 DM,existing_paid,>=7 years,1
18,5460.0,3,61,2,0-200 DM,delay,1-4 years,1
12,3230.0,3,49,2,>=200 DM,critical,1-4 years,1
30,2150.0,4,71,1,none,delay,>=7 years,1
12,5080.0,3,37,1,none,existing_paid,1-4 years,1
18,3050.0,3,39,1,0-200 DM,no_credits,<1 year,1
24,1430.0,2,48,2,none,existing_paid,>=7 years,0
18,1250.0,3,70,2,0-200 DM,delay,1-4 years,0
18,3060.0,3,25,2,none,existing_paid,1-4 years,0
18,740.0,3,23,1,0-200 DM,critical,>=7 years,1
30,2290.0,3,20,1,<0 DM,critical,<1 year,1
48,5280.0,2,69,3,none,existing_paid,1-4 years,1
24,5820.0,3,21,1,>=200 DM,existing_paid,<1 year,0
30,5280.0,4,33,2,none,critical,>=7 years,1
6,3100.0,1,57,1,<0 DM,all_paid,1-4 years,1
36,1870.0,1,55,2,none,critical,>=7 years,1
48,5590.0,1,28,1,0-200 DM,existing_paid,<1 year,1
24,3360.0,4,27,1,0-200 DM,existing_paid,4-7 years,1
30,1410.0,3,41,1,none,critical,1-4 years,1
18,3200.0,4,32,1,none,critical,1-4 years,1
12,5110.0,3,63,1,none,critical,>=7 years,1
36,930.0,3,51,2,<0 DM,all_paid,1-4 years,1
24,2780.0,4,34,1,0-200 DM,existing_paid,4-7 years,1
24,6210.0,2,38,2,<0 DM,critical,<1 year,1
24,3090.0,2,26,1,0-200 DM,existing_paid,>=7 years,1
36,1600.0,3,67,1,none,existing_paid,1-4 years,0
24,4800.0,2,56,2,0-200 DM,critical,>=7 years,1
12,4100.0,2,52,2,none,existing_paid,>=7 years,1
18,3360.0,1,49,2,>=200 DM,existing_paid,<1 year,0
48,1640.0,2,63,1,>=200 DM,critical,1-4 years,0
24,3610.0,2,26,3,0-200 DM,existing_paid,>=7 years,1
36,4320.0,4,43,2,0-200 DM,critical,1-4 years,1
30,1400.0,2,59,2,0-200 DM,existing_paid,>=7 years,0
24,3540.0,2,31,2,<0 DM,critical,1-4 years,0
12,2640.0,1,36,1,none,critical,1-4 years,0
12,1140.0,3,68,1,none,all_paid,<1 year,0
24,2710.0,3,59,1,none,existing_paid,<1 year,1
18,2400.0,4,52,2,>=200 DM,critical,1-4 years,0
30,2870.0,4,54,2,>=200 DM,existing_paid,<1 year,1
30,2230.0,2,68,1,0-200 DM,existing_paid,1-4 years,1
12,1240.0,1,35,1,<0 DM,critical,1-4 years,0
24,6030.0,2,30,2,0-200 DM,existing_paid,1-4 years,1
18,10230.0,4,34,1,none,existing_paid,1-4 years,1
12,2440.0,3,31,1,<0 DM,existing_paid,<1 year,1
18,3060.0,1,29,1,0-200 DM,existing_paid,1-4 years,0
36,10090.0,1,32,4,none,existing_paid,>=7 years,1
18,1620.0,3,60,1,0-200 DM,no_credits,4-7 years,0
12,2160.0,2,46,1,>=200 DM,existing_paid,unemployed,1
18,3860.0,4,71,1,none,critical,<1 year,1
12,3450.0,3,69,1,0-200 DM,all_paid,1-4 years,0
18,5140.0,3,42,1,none,delay,1-4 years,1
12,4170.0,3,71,2,0-200 DM,existing_paid,<1 year,1
30,6490.0,2,35,1,none,existing_paid,unemployed,1
12,3670.0,3,27,2,<0 DM,existing_paid,1-4 years,1
24,1430.0,3,64,1,<0 DM,critical,1-4 years,1
12,2460.0,2,48,2,none,all_paid,<1 year,1
48,4800.0,3,55,1,0-200 DM,critical,>=7 years,1
18,890.0,4,21,1,none,delay,>=7 years,1
30,2720.0,1,26,1,0-200 DM,existing_paid,1-4 years,0
30,3570.0,3,36,1,none,critical,>=7 years,0
24,3610.0,2,48,1,<0 DM,existing_paid,>=7 years,1
30,2030.0,3,21,1,none,critical,<1 year,1
12,2380.0,1,52,1,0-200 DM,no_credits,<1 year,0
24,3380.0,3,61,2,<0 DM,all_paid,<1 year,0
12,4680.0,1,46,1,none,existing_paid,4-7 years,0
30,1460.0,1,55,1,none,existing_paid,1-4 years,1
48,3140.0,3,43,1,none,existing_paid,>=7 years,0
36,5760.0,3,48,1,<0 DM,existing_paid,1-4 years,1
12,3010.0,4,25,1,none,delay,>=7 years,1
18,3930.0,3,64,1,0-200 DM,all_paid,4-7 years,0
18,6420.0,3,47,2,none,existing_paid,>=7 years,1
12,3350.0,3,69,1,0-200 DM,existing_paid,1-4 years,1
6,6310.0,2,20,2,0-200 DM,existing_paid,unemployed,0
18,2480.0,1,44,1,none,delay,4-7 years,0
48,5390.0,2,59,1,none,critical,4-7 years,0
24,3560.0,2,60,4,none,delay,1-4 years,0
24,3620.0,2,69,1,none,existing_paid,unemployed,0
18,3940.0,4,67,1,none,existing_paid,1-4 years,0
24,3580.0,4,25,2,<0 DM,existing_paid,>=7 years,0
48,3660.0,4,36,1,none,existing_paid,1-4 years,1
24,7620.0,4,24,1,none,critical,>=7 years,1
6,4040.0,3,59,1,0-200 DM,critical,>=7 years,0
18,5450.0,2,58,1,none,delay,1-4 years,1
48,2000.0,3,45,2,none,delay,4-7 years,1
18,1260.0,4,59,2,none,critical,1-4 years,0
24,1320.0,3,42,1,0-200 DM,critical,<1 year,0
12,1520.0,3,51,3,>=200 DM,existing_paid,4-7 years,0
12,6390.0,1,49,1,none,existing_paid,<1 year,0
36,1290.0,3,52,1,0-200 DM,delay,1-4 years,1
12,2860.0,2,40,3,none,existing_paid,1-4 years,0
12,8720.0,2,42,1,none,critical,<1 year,0
18,4460.0,4,54,1,none,existing_paid,4-7 years,1
48,2280.0,1,46,1,none,critical,1-4 years,0
6,1930.0,4,38,4,0-200 DM,all_paid,>=7 years,0
30,2520.0,1,36,2,<0 DM,critical,1-4 years,1
12,3680.0,4,60,1,<0 DM,existing_paid,1-4 years,1
30,2600.0,3,50,1,none,existing_paid,1-4 years,1
48,4460.0,3,51,1,<0 DM,existing_paid,<1 year,1
12,7440.0,2,28,1,none,all_paid,1-4 years,1
12,2090.0,3,27,2,<0 DM,critical,<1 year,1
12,7650.0,4,43,2,none,critical,1-4 years,1
30,3420.0,1,31,3,<0 DM,delay,1-4 years,1
12,2550.0,1,65,1,>=200 DM,existing_paid,1-4 years,1
12,1910.0,2,68,1,none,critical,4-7 years,1
12,4140.0,2,63,1,none,critical,>=7 years,0
18,2170.0,1,23,2,0-200 DM,existing_paid,1-4 years,1
6,4360.0,3,49,4,none,existing_paid,1-4 years,1
36,3130.0,2,49,3,0-200 DM,critical,1-4 years,1
36,2410.0,3,52,1,<0 DM,existing_paid,>=7 years,1
18,3100.0,4,44,1,>=200 DM,delay,4-7 years,0
24,4070.0,3,25,1,none,critical,<1 year,1
24,2880.0,1,59,1,0-200 DM,existing_paid,1-4 years,0
24,2170.0,3,69,1,none,existing_paid,unemployed,0
18,2010.0,2,64,1,0-200 DM,existing_paid,1-4 years,0
18,4600.0,2,67,1,<0 DM,existing_paid,1-4 years,1
24,1620.0,2,70,1,<0 DM,critical,1-4 years,1
24,2070.0,4,38,1,none,existing_paid,1-4 years,0
12,1260.0,3,61,1,none,no_credits,<1 year,0
12,3010.0,1,40,1,<0 DM,delay,1-4 years,1
12,1760.0,3,23,1,<0 DM,existing_paid,>=7 years,0
18,2870.0,2,30,2,0-200 DM,existing_paid,<1 year,0
18,2930.0,4,39,1,none,critical,>=7 years,0
18,3020.0,4,27,2,<0 DM,existing_paid,1-4 years,1
18,2290.0,2,47,1,0-200 DM,existing_paid,4-7 years,0
30,4590.0,2,45,1,<0 DM,delay,1-4 years,1
6,2600.0,3,35,1,none,critical,1-4 years,0
24,2090.0,3,58,1,<0 DM,all_paid,>=7 years,0
24,1320.0,2,42,1,<0 DM,critical,<1 year,1
18,5010.0,3,45,2,none,existing_paid,>=7 years,1
18,2230.0,2,26,1,0-200 DM,existing_paid,4-7 years,0
30,4400.0,3,62,1,none,critical,4-7 years,0
12,2530.0,2,47,2,<0 DM,all_paid,<1 year,0
36,7870.0,3,37,2,0-200 DM,existing_paid,>=7 years,0
36,7720.0,3,28,1,<0 DM,existing_paid,<1 year,1
24,3670.0,3,42,2,none,existing_paid,unemployed,1
30,3700.0,3,52,1,<0 DM,existing_paid,>=7 years,1
24,3490.0,3,58,1,<0 DM,all_paid,1-4 years,1
18,2580.0,1,49,2,0-200 DM,delay,>=7 years,0
48,4780.0,2,64,1,0-200 DM,existing_paid,<1 year,0
12,3040.0,2,69,1,0-200 DM,delay,unemployed,0
12,1640.0,1,22,2,>=200 DM,delay,>=7 years,1
12,2700.0,3,59,2,0-200 DM,critical,<1 year,1
24,1680.0,2,63,2,<0 DM,existing_paid,4-7 years,1
12,1610.0,1,49,1,0-200 DM,no_credits,>=7 years,1
36,2000.0,4,27,2,<0 DM,existing_paid,4-7 years,1
18,7130.0,3,44,2,<0 DM,existing_paid,1-4 years,1
30,3930.0,3,31,4,<0 DM,existing_paid,1-4 years,1
12,2710.0,2,66,3,<0 DM,existing_paid,1-4 years,1
12,2570.0,2,44,1,none,existing_paid,>=7 years,0
6,3240.0,3,19,1,none,all_paid,1-4 years,0
12,2240.0,4,58,1,0-200 DM,critical,unemployed,0
18,4060.0,2,27,1,none,critical,1-4 years,1
36,3370.0,3,49,2,none,critical,1-4 years,1
18,3830.0,4,42,2,0-200 DM,critical,<1 year,0
24,2610.0,3,63,2,0-200 DM,existing_paid,>=7 years,1
18,8790.0,3,67,1,none,all_paid,<1 year,1
6,1670.0,3,40,1,none,existing_paid,1-4 years,0
18,4100.0,4,27,1,none,existing_paid,>=7 years,1
6,2320.0,3,57,1,>=200 DM,delay,>=7 years,1
36,3360.0,4,41,2,0-200 DM,existing_paid,>=7 years,1
30,3600.0,3,38,2,>=200 DM,delay,>=7 years,1
18,7720.0,4,60,1,none,existing_paid,>=7 years,0
24,3640.0,4,39,2,0-200 DM,existing_paid,>=7 years,1
12,2670.0,3,45,1,none,existing_paid,4-7 years,0
24,620.0,3,23,1,none,existing_paid,4-7 years,1
30,2180.0,3,35,1,>=200 DM,existing_paid,<1 year,0
30,10080.0,4,52,1,0-200 DM,critical,>=7 years,1
12,4310.0,4,27,3,none,existing_paid,1-4 years,0
12,4680.0,1,52,2,<0 DM,no_credits,>=7 years,0
18,1060.0,3,28,1,none,no_credits,4-7 years,0
48,2270.0,4,62,1,none,critical,unemployed,1
36,4100.0,3,20,1,<0 DM,existing_paid,1-4 years,1
18,1360.0,3,65,1,0-200 DM,delay,>=7 years,1
30,3280.0,1,43,2,none,critical,4-7 years,0
36,6180.0,3,21,1,<0 DM,existing_paid,unemployed,1
12,1840.0,4,52,1,<0 DM,existing_paid,1-4 years,0
30,2070.0,4,25,1,0-200 DM,existing_paid,<1 year,0
12,5440.0,2,46,1,none,critical,4-7 years,1
12,2280.0,3,27,1,<0 DM,all_paid,4-7 years,1
12,1960.0,4,29,2,none,existing_paid,1-4 years,0
18,6590.0,4,47,4,0-200 DM,existing_paid,unemployed,1
30,3040.0,3,34,1,<0 DM,existing_paid,<1 year,1
18,1830.0,1,57,1,0-200 DM,no_credits,4-7 years,0
12,5630.0,3,47,1,0-200 DM,no_credits,1-4 years,1
12,1660.0,4,31,1,none,existing_paid,<1 year,0
24,3170.0,3,53,1,none,existing_paid,unemployed,0
24,3520.0,4,29,2,<0 DM,existing_paid,1-4 years,1
24,2190.0,3,53,2,0-200 DM,delay,>=7 years,1
6,4540.0,4,65,1,none,critical,>=7 years,0
30,1930.0,4,26,1,0-200 DM,existing_paid,>=7 years,1
36,4720.0,3,25,1,0-200 DM,existing_paid,1-4 years,1
18,2830.0,4,23,1,<0 DM,critical,>=7 years,1
24,1770.0,4,24,1,none,existing_paid,1-4 years,1
36,3210.0,4,69,1,0-200 DM,existing_paid,1-4 years,0
24,3740.0,3,53,1,none,existing_paid,1-4 years,0
24,1060.0,3,48,2,0-200 DM,existing_paid,1-4 years,1
24,6220.0,2,29,1,<0 DM,critical,unemployed,0
12,2970.0,2,56,1,<0 DM,existing_paid,4-7 years,1
24,2450.0,3,45,1,none,existing_paid,>=7 years,0
30,3600.0,3,39,1,none,critical,1-4 years,0
12,3150.0,2,32,1,none,existing_paid,unemployed,1
36,2350.0,4,67,1,<0 DM,existing_paid,<1 year,0
24,3650.0,3,53,2,0-200 DM,existing_paid,unemployed,1
18,4720.0,3,47,2,0-200 DM,existing_paid,>=7 years,1
24,2540.0,3,42,2,0-200 DM,all_paid,<1 year,1
18,790.0,1,54,1,none,all_paid,4-7 years,0
30,4380.0,4,59,2,<0 DM,all_paid,>=7 years,1
18,2940.0,2,63,2,none,existing_paid,1-4 years,1
36,1780.0,3,50,1,0-200 DM,critical,<1 year,1
18,3810.0,3,24,1,>=200 DM,existing_paid,>=7 years,1
24,1780.0,3,28,1,none,all_paid,1-4 years,0
48,4300.0,3,38,1,0-200 DM,existing_paid,1-4 years,1
12,1630.0,2,38,2,<0 DM,existing_paid,<1 year,0
24,2280.0,2,44,1,0-200 DM,existing_paid,4-7 years,0
12,1190.0,3,39,2,none,critical,<1 year,0
30,2230.0,4,63,1,0-200 DM,existing_paid,>=7 years,0
24,2450.0,3,41,2,<0 DM,existing_paid,>=7 years,1
36,2960.0,2,64,1,none,existing_paid,1-4 years,0
36,2590.0,1,30,3,<0 DM,existing_paid,1-4 years,1
6,1660.0,3,31,1,0-200 DM,all_paid,4-7 years,1
12,2900.0,3,28,2,0-200 DM,critical,unemployed,0
24,2260.0,1,25,1,0-200 DM,existing_paid,4-7 years,0
18,3260.0,3,55,1,0-200 DM,existing_paid,unemployed,0
12,1920.0,2,30,1,none,existing_paid,1-4 years,0
12,2180.0,3,43,2,<0 DM,existing_paid,4-7 years,1
24,3660.0,2,20,3,0-200 DM,all_paid,<1 year,1
6,2650.0,4,58,2,<0 DM,existing_paid,4-7 years,1
36,1280.0,2,44,1,0-200 DM,critical,4-7 years,0
30,6450.0,3,58,1,<0 DM,existing_paid,>=7 years,1
30,4510.0,4,69,1,0-200 DM,critical,unemployed,1
6,4430.0,2,23,1,0-200 DM,delay,unemployed,1
6,1180.0,3,26,1,<0 DM,critical,1-4 years,1
18,960.0,2,60,2,0-200 DM,existing_paid,1-4 years,1
48,5010.0,1,63,2,0-200 DM,delay,1-4 years,1
12,1660.0,3,27,3,0-200 DM,critical,1-4 years,1
12,3310.0,4,57,1,0-200 DM,existing_paid,<1 year,1
12,2220.0,3,38,1,0-200 DM,existing_paid,4-7 years,1
24,1000.0,3,70,1,none,existing_paid,>=7 years,0
24,2010.0,3,69,2,none,existing_paid,4-7 years,1
12,3630.0,3,29,1,>=200 DM,existing_paid,>=7 years,1
18,2740.0,3,58,2,none,existing_paid,unemployed,0
24,7150.0,2,40,1,none,delay,1-4 years,0
18,4230.0,2,34,1,<0 DM,existing_paid,>=7 years,1
24,3770.0,3,60,2,<0 DM,existing_paid,<1 year,1
30,3300.0,4,56,4,none,critical,1-4 years,0
24,1780.0,2,60,2,<0 DM,existing_paid,1-4 years,1
24,1800.0,3,28,1,>=200 DM,existing_paid,1-4 years,0
36,2990.0,2,43,1,none,existing_paid,1-4 years,1
36,2020.0,2,37,1,none,existing_paid,1-4 years,0
18,6470.0,3,22,3,<0 DM,delay,>=7 years,1
12,4190.0,4,37,1,none,existing_paid,>=7 years,0
30,5340.0,3,21,3,0-200 DM,existing_paid,4-7 years,1
12,800.0,2,35,3,none,critical,4-7 years,0
36,3730.0,4,32,2,0-200 DM,existing_paid,<1 year,1
6,1280.0,1,28,1,0-200 DM,existing_paid,4-7 years,0
36,5870.0,3,24,1,none,delay,1-4 years,1
24,4040.0,3,49,2,<0 DM,existing_paid,1-4 years,1
30,4350.0,3,49,2,<0 DM,delay,<1 year,1
18,4470.0,4,66,3,<0 DM,existing_paid,4-7 years,0
48,2160.0,3,27,1,0-200 DM,critical,4-7 years,1
12,7590.0,2,71,2,none,critical,1-4 years,0
12,4170.0,2,30,1,0-200 DM,critical,1-4 years,0
6,3340.0,2,62,1,<0 DM,existing_paid,>=7 years,1
36,2290.0,1,64,1,none,existing_paid,>=7 years,0
18,2840.0,4,44,1,<0 DM,existing_paid,1-4 years,1
24,5710.0,1,20,1,0-200 DM,existing_paid,<1 year,1
24,2560.0,3,60,1,0-200 DM,critical,<1 year,0
36,2110.0,3,22,1,0-200 DM,delay,1-4 years,1
24,3920.0,4,50,1,<0 DM,existing_paid,>=7 years,1
24,2970.0,3,46,1,<0 DM,existing_paid,4-7 years,1
24,2140.0,3,24,1,none,critical,>=7 years,0
30,5110.0,2,48,3,<0 DM,existing_paid,1-4 years,1
12,1700.0,3,46,2,none,existing_paid,>=7 years,0
12,2600.0,2,31,2,none,critical,1-4 years,0
6,1850.0,4,64,1,<0 DM,critical,<1 year,1
18,7500.0,2,54,1,none,critical,<1 year,0
18,4120.0,2,28,2,<0 DM,existing_paid,>=7 years,1
24,3590.0,3,28,1,none,critical,4-7 years,0
48,1900.0,4,23,1,0-200 DM,delay,1-4 years,1
12,7500.0,3,47,1,<0 DM,existing_paid,>=7 years,1
30,1320.0,2,54,1,none,existing_paid,<1 year,1
18,2580.0,1,30,2,none,existing_paid,4-7 years,0
