RevolvingUtilization,Age,NumberOfTime30-59DaysPastDue,DebtRatio,MonthlyIncome,NumberOfOpenCreditLines,NumberOfTimes90DaysLate,NumberRealEstateLoans,is_default
0.3692,68,1,0.218,10800.0,6,0,1,1
0.3595,43,0,0.099,3600.0,11,0,3,0
0.5042,34,0,0.255,7900.0,5,0,1,0
0.2114,30,0,0.26,6100.0,8,1,0,0
0.5104,54,1,0.304,3500.0,8,0,0,0
0.1147,60,0,0.431,8300.0,12,0,1,0
0.0802,43,0,0.413,6300.0,8,1,1,0
0.2731,60,0,0.491,2500.0,7,0,0,1
0.3409,78,0,0.323,2100.0,10,0,2,0
0.0611,74,0,0.154,2500.0,4,0,1,0
0.0974,41,0,1.007,11200.0,5,0,2,1
0.2428,79,0,0.117,3000.0,4,0,1,0
0.0984,40,2,0.158,12600.0,10,0,1,0
0.489,52,0,0.408,2900.0,5,0,0,0
0.333,34,0,0.213,2700.0,9,0,1,1
0.452,44,0,0.789,7600.0,7,0,2,0
0.0506,66,0,0.326,7800.0,7,0,2,1
0.5378,38,0,0.484,6500.0,15,0,0,0
0.2536,67,0,0.284,6900.0,6,0,1,0
0.3253,74,3,0.075,3300.0,12,0,3,0
0.0679,50,0,1.333,7500.0,5,0,1,0
0.3607,48,0,0.392,5500.0,9,0,0,0
0.1989,68,0,0.154,4100.0,6,0,2,0
0.2115,34,0,0.309,5200.0,11,1,0,0
0.6597,62,0,0.559,8400.0,9,0,0,0
0.1352,74,0,0.058,6000.0,13,0,1,0
0.2377,41,0,0.328,1700.0,9,0,0,0
0.1477,54,1,0.253,7700.0,6,0,0,0
0.3556,25,0,0.12,7400.0,11,0,1,0
0.1617,51,0,0.568,4100.0,10,0,1,0
0.4001,23,0,0.164,5200.0,3,1,2,1
0.1276,43,0,0.743,5200.0,12,0,1,0
0.1277,59,0,0.217,1800.0,9,0,2,0
0.1107,76,0,0.507,4000.0,9,0,1,0
0.017,79,0,0.403,4100.0,4,0,1,0
0.2677,64,0,0.371,4500.0,11,0,1,0
0.3411,50,3,0.313,3800.0,9,0,1,1
0.1642,62,0,0.356,6800.0,10,0,1,0
0.278,63,0,0.505,3300.0,8,0,0,0
0.3174,50,0,0.763,7700.0,11,1,1,0
0.1503,77,0,0.212,6700.0,6,0,1,0
0.235,69,0,1.194,9700.0,8,0,0,0
0.1803,56,0,0.617,11700.0,6,0,2,0
0.2224,58,1,0.453,11700.0,9,0,1,0
0.284,27,0,0.429,2700.0,7,0,2,0
0.375,79,0,0.037,5800.0,6,0,0,0
0.06,25,0,1.16,3400.0,5,0,1,0
0.2297,26,0,0.531,25300.0,6,0,2,0
0.3024,69,0,0.148,6700.0,4,1,0,0
0.1348,34,2,0.081,10000.0,7,0,1,0
0.1423,31,0,0.541,6100.0,11,0,1,0
0.1015,57,2,0.222,1300.0,6,0,1,0
0.4829,22,0,0.304,3300.0,6,0,1,0
0.3994,51,0,0.294,3500.0,12,0,1,0
0.3767,66,0,0.303,4000.0,3,0,1,0
0.0886,47,0,0.069,5900.0,8,0,1,0
0.1939,36,0,0.691,6300.0,8,0,0,0
0.0739,22,3,0.215,1300.0,7,1,2,0
0.2782,69,1,0.264,4400.0,7,0,0,0
0.2435,46,0,0.177,3900.0,7,0,1,0
0.1708,36,0,0.581,9800.0,13,0,0,1
0.323,29,0,0.173,6600.0,11,0,2,1
0.3955,72,1,0.132,4500.0,11,0,2,0
0.3993,72,0,0.513,5500.0,4,0,1,0
0.1317,29,0,0.256,2100.0,7,0,0,1
0.3142,25,0,0.422,6800.0,9,0,2,0
0.1482,56,0,0.203,4000.0,10,0,0,0
0.3961,27,0,0.135,3300.0,5,0,1,0
0.4297,52,0,0.235,9500.0,10,0,2,1
0.4419,49,0,0.619,5600.0,10,0,1,0
0.1863,57,0,0.231,3500.0,11,0,2,0
0.1231,76,0,0.657,3600.0,10,0,0,0
0.3428,23,0,0.22,5900.0,3,0,2,0
0.1791,50,0,0.452,5700.0,4,0,0,0
0.3308,60,0,0.291,5000.0,1,0,0,0
0.3592,51,0,0.223,2700.0,8,0,2,0
0.2424,68,0,0.147,2900.0,17,0,1,0
0.1197,47,0,0.212,3400.0,5,0,2,0
0.3551,26,0,0.347,4500.0,7,0,2,0
0.4495,49,0,0.071,4800.0,6,0,1,0
0.2686,29,0,0.137,4500.0,8,0,0,0
0.2799,74,0,0.444,4600.0,9,0,1,0
0.359,40,0,0.102,12600.0,7,0,0,0
0.3629,70,0,0.322,7500.0,8,0,0,1
0.3834,31,0,0.533,8900.0,10,0,1,0
0.1819,39,0,0.765,6200.0,7,0,2,0
0.3329,59,0,0.054,5100.0,12,0,2,0
0.1647,30,1,0.334,6000.0,9,0,1,0
0.3353,25,0,0.973,5500.0,8,0,2,0
0.1097,59,0,0.793,7400.0,9,0,3,0
0.4674,43,0,0.08,3000.0,4,0,1,0
0.2255,26,0,0.385,7100.0,9,0,0,0
0.3283,51,0,0.187,5300.0,6,0,0,0
0.4282,38,0,0.192,2000.0,9,0,1,0
0.2576,41,0,0.206,5100.0,10,0,0,0
0.4014,35,0,0.525,2600.0,11,0,1,0
0.184,79,0,0.414,3800.0,7,0,1,0
0.4843,51,0,0.413,4500.0,9,0,1,0
0.6133,30,0,0.398,2300.0,4,2,3,1
0.1493,26,0,0.154,4800.0,3,0,1,0
0.4055,44,0,0.137,5100.0,8,0,0,0
0.2955,53,0,0.113,7200.0,9,0,1,0
0.191,48,0,0.296,3900.0,8,0,2,1
0.2887,48,0,0.053,5600.0,10,0,0,0
0.3591,30,0,0.406,4700.0,7,0,0,0
0.1284,43,0,0.862,4000.0,4,0,1,0
0.2723,35,0,0.427,2100.0,7,0,0,0
0.1034,66,0,0.465,4600.0,10,0,2,0
0.1823,68,0,0.178,7100.0,10,0,1,0
0.3057,57,1,0.226,3100.0,8,0,2,0
0.5095,34,0,0.288,4400.0,8,0,1,0
0.4108,68,0,0.278,4700.0,7,0,0,0
0.2485,34,1,0.408,8500.0,6,0,1,0
0.1117,27,0,0.804,5000.0,9,0,1,0
0.1851,71,1,0.282,5700.0,15,2,2,1
0.1195,56,0,0.687,4900.0,10,0,1,0
0.2945,38,0,0.316,3800.0,11,0,2,0
0.6521,74,0,0.097,2800.0,8,0,1,0
0.1718,73,0,0.345,4300.0,5,0,1,0
0.0956,35,1,0.364,6000.0,7,0,0,0
0.3475,69,0,0.1,5200.0,8,0,0,0
0.2239,53,0,0.747,10300.0,8,0,0,0
0.1147,76,1,0.477,7900.0,11,0,2,0
0.4869,67,3,0.605,9100.0,4,0,1,1
0.1931,68,0,0.628,1800.0,8,0,1,0
0.2255,76,0,0.146,10800.0,9,0,2,0
0.326,42,0,0.63,5600.0,5,0,1,0
0.3694,63,0,0.068,6000.0,8,0,1,0
0.0479,61,2,0.328,7700.0,8,1,3,0
0.0618,37,1,0.221,5000.0,7,0,1,1
0.197,46,0,0.102,2900.0,9,0,2,0
0.1637,35,0,0.463,10100.0,8,0,1,0
0.3032,60,0,0.51,3300.0,11,0,0,0
0.1703,38,0,0.141,3000.0,4,0,2,0
0.0769,28,0,0.315,4400.0,9,1,2,0
0.3032,23,0,0.449,4100.0,8,0,1,0
0.2985,74,0,0.031,4900.0,4,0,1,0
0.1188,75,0,0.498,4700.0,10,0,1,0
0.2396,71,0,0.122,9600.0,5,1,3,0
0.0346,34,0,0.129,6200.0,7,0,2,0
0.0476,54,0,0.493,3200.0,10,0,0,0
0.4044,53,0,0.12,3400.0,6,0,2,0
0.1629,57,0,0.635,4000.0,4,0,1,1
0.4088,69,0,0.259,4100.0,6,0,0,0
0.5312,21,0,0.202,3800.0,11,0,1,0
0.2181,73,0,0.555,2800.0,11,0,0,0
0.2244,68,0,0.32,5700.0,11,0,2,0
0.1464,55,0,0.351,3900.0,9,0,0,0
0.0582,30,0,0.105,3100.0,8,0,2,0
0.1039,39,0,1.09,6300.0,10,0,2,0
0.3573,31,0,0.898,7500.0,6,0,0,0
0.2857,75,0,0.331,4300.0,5,2,1,0
0.4316,55,0,0.23,12000.0,11,0,1,0
0.3393,22,0,0.427,14900.0,8,0,3,0
0.6021,23,0,0.073,6300.0,8,0,2,0
0.3714,35,0,0.394,3900.0,8,0,1,0
0.218,79,0,0.018,5600.0,9,0,2,0
0.4363,72,0,0.246,2700.0,7,0,0,0
0.4355,61,1,0.111,3200.0,4,0,1,0
0.1007,67,0,0.501,2100.0,7,0,2,0
0.2834,48,0,0.193,3600.0,9,0,0,0
0.0739,22,0,0.096,2700.0,5,0,2,0
0.1289,50,0,0.643,6700.0,9,1,1,0
0.2802,58,0,2.151,3400.0,6,0,1,1
0.1783,25,0,0.291,5600.0,12,0,1,0
0.6348,26,1,0.422,7100.0,5,0,0,1
0.1588,25,0,0.166,8800.0,9,0,0,0
0.3826,74,1,0.201,4100.0,2,0,1,0
0.3692,32,0,0.81,5700.0,11,0,2,0
0.1547,24,0,0.477,5800.0,8,0,1,0
0.4659,44,0,0.484,9300.0,10,0,1,0
0.4282,45,0,0.181,7300.0,11,0,1,0
0.1882,46,0,0.139,9400.0,8,0,0,0
0.4937,75,0,0.919,2100.0,11,0,3,0
0.3587,66,0,0.292,3500.0,9,0,0,0
0.6265,66,0,0.458,8200.0,8,0,1,0
0.0559,63,0,0.15,6600.0,11,0,2,0
0.1295,53,0,0.05,4600.0,7,0,1,0
0.0366,41,0,0.246,3900.0,8,0,1,0
0.0157,43,0,0.933,7300.0,8,0,3,0
0.0798,57,0,0.428,1800.0,14,0,1,0
0.5368,57,0,0.424,7300.0,7,0,0,0
0.4026,32,0,0.231,5100.0,8,0,2,0
0.2047,57,0,0.297,3800.0,7,0,0,0
0.2997,41,0,0.339,6300.0,10,0,1,0
0.3177,33,1,0.382,4100.0,8,0,2,0
0.3486,63,0,0.1,5000.0,5,0,3,0
0.1822,73,3,0.718,4800.0,4,0,1,0
0.1452,53,0,0.486,7100.0,4,0,0,1
0.0575,64,2,0.352,5300.0,11,0,1,0
0.4341,26,0,0.569,1900.0,8,0,2,0
0.1555,79,0,0.658,2500.0,7,0,1,0
0.2325,63,0,0.569,2900.0,6,0,1,0
0.0645,32,3,0.591,6200.0,4,0,1,1
0.1225,58,0,0.201,6500.0,4,0,1,0
0.3572,76,0,0.306,11300.0,9,0,2,0
0.1312,50,0,0.636,3000.0,10,0,1,0
0.1261,57,0,0.261,9500.0,7,0,0,0
0.3192,38,0,0.544,1900.0,9,0,1,0
0.5604,36,0,0.188,5000.0,12,0,1,0
0.0602,65,0,0.167,5600.0,8,0,1,0
0.3465,27,0,0.386,5500.0,12,0,0,1
0.4108,66,0,0.802,4200.0,14,0,1,0
0.426,21,0,0.489,5200.0,9,0,2,1
0.234,73,0,0.361,2700.0,8,0,1,0
0.0231,48,0,0.486,7600.0,5,0,3,0
0.5099,73,0,0.416,5600.0,6,1,1,0
0.1385,64,0,0.169,5900.0,7,0,1,0
0.0786,23,0,0.269,4300.0,10,0,0,0
0.1465,70,1,0.102,4200.0,5,0,1,0
0.105,63,0,0.427,6400.0,6,0,1,0
0.1904,72,0,0.661,10900.0,10,0,2,0
0.2218,59,0,0.731,2400.0,6,0,0,0
0.3232,30,0,0.253,2400.0,6,0,0,0
0.0809,71,0,0.16,5600.0,2,0,0,1
0.4441,65,0,0.447,4200.0,8,0,1,1
0.3466,34,0,0.095,5200.0,8,0,2,0
0.5073,35,0,0.073,4900.0,8,0,0,0
0.1491,26,0,0.514,6700.0,11,0,1,0
0.0674,59,0,0.354,4300.0,8,0,0,0
0.3286,65,0,0.462,2700.0,7,0,1,0
0.6177,36,0,0.088,3300.0,6,0,0,1
0.2882,67,0,1.006,4500.0,7,0,1,0
0.4701,38,0,0.084,2600.0,11,0,1,0
0.1626,55,0,0.791,4800.0,9,0,0,0
0.3449,68,0,0.802,5100.0,7,0,1,0
0.1186,45,0,0.627,4100.0,4,0,1,0
0.3528,53,0,0.487,5500.0,6,0,1,0
0.24,76,1,0.437,2200.0,15,0,1,0
0.149,53,0,0.121,3100.0,15,0,1,0
0.3109,39,0,0.162,2800.0,5,0,1,0
0.1516,58,0,0.237,7600.0,12,0,2,0
0.3784,31,1,0.348,15600.0,11,0,2,0
0.5004,76,0,0.247,3200.0,7,0,1,0
0.1195,59,0,0.283,4400.0,8,0,2,0
0.5006,23,0,0.12,3500.0,6,0,2,0
0.1293,58,0,0.857,5500.0,11,0,0,1
0.6214,21,0,0.399,3600.0,6,0,3,0
0.0163,60,0,0.998,5700.0,10,0,0,0
0.097,45,0,0.093,6900.0,8,0,0,1
0.4466,77,0,0.101,2700.0,8,0,3,0
0.1648,52,0,0.647,5600.0,10,0,0,0
0.2045,66,0,0.232,2000.0,11,0,1,0
0.2583,56,0,0.717,4300.0,9,0,3,0
0.3386,24,1,0.589,4200.0,8,0,0,0
0.4755,75,0,0.298,4400.0,8,0,0,0
0.2751,43,0,0.136,4200.0,8,0,1,0
0.3325,36,0,0.146,3800.0,11,0,2,0
0.1204,31,0,0.189,4300.0,6,2,2,0
0.2856,42,0,0.337,5500.0,11,0,2,1
0.2981,59,1,0.493,5600.0,3,0,0,1
0.2558,53,3,0.14,5200.0,17,0,1,0
0.3543,61,0,0.159,3700.0,9,0,1,0
0.1255,58,0,0.148,8400.0,13,0,1,0
0.0882,76,0,1.374,10500.0,8,0,1,0
0.1296,33,0,0.214,2600.0,7,0,1,0
0.1474,41,1,0.42,5300.0,4,0,1,0
0.088,32,0,0.617,3900.0,4,0,2,0
0.2267,75,0,0.161,7800.0,11,0,2,0
0.4754,71,1,0.468,4900.0,11,0,0,0
0.4175,46,0,0.464,5000.0,6,0,1,1
0.2914,69,0,0.14,6300.0,7,0,1,0
0.2149,75,0,0.215,4200.0,9,0,3,0
0.5044,73,2,0.468,11400.0,5,0,2,0
0.2462,21,0,0.279,6300.0,10,0,1,0
0.3372,61,1,0.668,7800.0,6,0,0,0
0.1137,77,2,0.099,4400.0,5,0,0,0
0.2702,42,0,0.715,4600.0,8,0,1,0
0.3373,47,0,0.296,7400.0,8,0,3,0
0.3103,77,0,0.253,7000.0,11,0,0,0
0.0456,75,0,0.503,2600.0,11,0,2,0
0.1496,52,0,0.266,5200.0,10,0,0,1
0.2383,28,1,0.356,6200.0,10,0,1,0
0.487,79,0,0.579,4600.0,4,0,2,0
0.5551,54,1,0.412,5900.0,6,0,1,0
0.3698,38,0,0.631,4700.0,9,0,2,0
0.3795,24,0,0.243,1600.0,9,0,2,0
0.0209,21,0,0.417,2600.0,10,0,1,1
0.287,76,0,0.89,8000.0,7,0,1,0
0.3742,73,0,0.075,4300.0,7,0,2,0
0.0944,64,0,0.434,5400.0,11,0,0,0
0.224,36,0,0.552,4900.0,12,0,1,0
0.5798,50,0,0.831,3300.0,7,0,2,0
0.1993,43,0,0.426,3900.0,5,0,2,0
0.0673,51,0,0.469,5800.0,6,0,2,0
0.3431,48,1,0.193,6100.0,12,0,0,0
0.4726,70,0,0.742,14700.0,8,0,2,0
0.5787,57,0,0.51,3900.0,9,0,2,0
0.2808,36,0,0.187,11300.0,13,0,1,0
0.2267,61,3,0.167,3200.0,11,1,0,1
0.2106,29,1,0.269,6300.0,5,0,1,0
0.1637,22,0,0.339,5400.0,6,0,2,0
0.3423,66,0,0.31,4600.0,10,0,2,0
0.3965,63,0,0.322,4900.0,10,0,1,0
0.4092,22,0,0.264,3600.0,10,0,1,1
0.1593,52,0,0.321,7700.0,13,0,1,0
0.3465,36,0,0.645,3200.0,7,0,1,1
0.3601,73,0,0.504,5800.0,10,1,1,1
0.5616,71,0,0.088,7200.0,11,0,1,0
0.0675,33,0,0.691,9800.0,5,0,1,0
0.1848,69,0,0.425,8000.0,8,0,0,0
0.1659,47,0,0.138,6500.0,9,0,0,0
0.6073,51,1,0.356,3600.0,5,0,1,1
0.3321,53,0,0.185,3300.0,9,0,0,0
0.3912,41,2,0.186,2800.0,4,0,2,1
0.4649,39,0,0.264,2700.0,11,1,2,1
0.3189,68,0,0.687,4900.0,5,0,1,0
0.4139,77,0,0.214,3400.0,6,0,2,0
0.5742,33,0,0.525,9000.0,16,0,0,1
0.2954,39,0,1.226,3700.0,7,0,0,0
0.2979,55,0,1.627,5200.0,10,0,0,1
0.3915,55,0,0.273,4300.0,6,0,2,0
0.0795,53,1,0.119,2400.0,5,0,1,0
0.2848,23,0,0.448,8500.0,4,2,0,0
0.4289,68,0,0.505,7000.0,8,0,0,0
0.3158,41,0,0.658,7400.0,6,0,2,0
0.2202,60,0,0.447,6600.0,7,0,1,0
0.2889,43,0,0.107,3400.0,8,0,1,0
0.2718,68,0,0.036,3400.0,10,0,3,1
0.307,65,1,0.728,6200.0,8,0,2,0
0.2271,65,0,0.6,10600.0,8,0,0,0
0.2206,31,0,0.143,6000.0,10,0,1,1
0.1436,24,0,0.137,8000.0,14,0,1,0
0.1897,24,0,1.043,3800.0,9,0,2,0
0.1132,35,0,0.663,8500.0,11,0,0,0
0.2779,48,0,0.267,4000.0,6,0,1,0
0.3544,56,0,0.166,5500.0,6,0,1,0
0.3973,28,0,0.26,4100.0,14,0,2,0
0.2593,44,0,0.214,7700.0,10,0,2,0
0.0204,54,0,0.508,7700.0,7,0,1,0
0.3431,35,0,0.393,2300.0,14,0,1,1
0.5008,43,0,0.194,9500.0,10,2,2,1
0.0665,47,0,0.539,16100.0,8,1,1,0
0.2172,34,0,0.175,4100.0,9,0,2,1
0.1712,73,0,0.2,4600.0,9,0,2,0
0.1916,22,0,0.286,9100.0,4,0,2,0
0.298,55,0,0.671,5100.0,4,0,0,0
0.1256,63,0,0.181,4900.0,8,0,1,0
0.0807,27,0,0.59,12700.0,10,0,1,0
0.2675,36,0,1.038,2500.0,11,0,1,0
0.2013,42,1,0.224,3300.0,10,0,1,0
0.2508,74,0,0.625,6100.0,10,0,1,0
0.5368,48,0,0.721,2200.0,7,0,1,1
0.2023,52,0,1.723,4100.0,6,0,3,0
0.3043,27,0,0.463,4100.0,5,0,1,0
0.4199,42,0,0.295,7900.0,8,0,0,0
0.1519,63,1,0.888,6900.0,6,0,0,1
0.0394,22,0,0.547,2100.0,4,0,0,0
0.3543,28,0,0.516,3500.0,11,0,2,1
0.3391,27,0,0.472,3500.0,8,0,3,0
0.1043,58,0,1.073,4400.0,7,0,1,1
0.441,68,0,0.215,2800.0,10,0,1,1
0.4494,41,0,0.632,6200.0,12,0,2,0
0.0933,63,1,0.474,3500.0,12,0,0,0
0.1437,42,0,0.759,6600.0,9,0,1,0
0.0445,55,0,0.204,4900.0,6,0,1,0
0.1024,38,0,0.117,3000.0,6,0,2,0
0.319,29,1,1.071,9800.0,3,0,1,1
0.1478,69,0,0.068,10000.0,4,0,1,0
0.0472,22,0,0.189,5700.0,10,0,2,0
0.2268,79,0,0.088,4400.0,16,0,1,0
0.1761,62,0,0.682,2900.0,5,0,2,0
0.1799,62,0,0.147,8400.0,6,0,1,0
0.1275,37,0,0.433,7400.0,9,0,0,0
0.4886,60,0,0.146,3300.0,6,0,0,0
0.3853,40,1,0.11,3500.0,4,0,2,0
0.2284,26,0,1.018,6200.0,7,0,0,0
0.0921,31,0,0.545,2700.0,8,0,1,0
0.2974,25,0,0.252,3600.0,13,0,1,0
0.4359,76,0,0.365,2900.0,7,0,1,0
0.3507,30,0,0.113,3000.0,8,0,1,1
0.1045,43,0,1.218,3400.0,7,0,0,0
0.2863,53,0,0.183,7700.0,5,2,0,1
0.421,60,2,0.591,2000.0,6,0,0,1
0.1716,56,2,0.091,6100.0,8,0,0,0
0.5662,59,0,0.398,5600.0,6,1,0,0
0.0321,71,0,0.478,8000.0,9,0,1,0
0.133,67,0,0.328,5600.0,7,0,0,0
0.3157,54,0,0.578,4100.0,9,0,0,0
0.303,37,0,0.257,3300.0,16,0,1,0
0.2939,46,0,0.191,8100.0,10,0,0,0
0.3199,73,0,0.342,6300.0,11,0,2,0
0.4279,68,0,0.119,3800.0,2,0,1,0
0.4522,47,0,0.123,7700.0,6,0,3,0
0.4549,66,0,0.184,3900.0,8,0,0,0
0.047,23,0,0.914,4900.0,6,0,0,0
0.1797,79,0,0.306,3600.0,10,0,1,0
0.2137,39,0,1.306,6400.0,8,0,1,0
0.2775,28,0,0.288,3000.0,7,0,1,0
0.6334,37,2,0.192,4200.0,3,0,1,1
0.1835,70,0,0.989,3500.0,5,0,1,1
0.2447,21,1,0.184,5600.0,13,0,2,0
0.4606,27,0,0.28,6000.0,4,0,0,0
0.2924,56,1,0.108,2800.0,11,0,1,0
0.5176,23,0,0.798,6000.0,12,0,1,1
0.1456,39,0,0.319,2300.0,14,0,1,0
0.3259,62,0,0.772,14700.0,13,0,0,1
0.2873,47,0,0.487,3800.0,11,0,1,0
0.2773,23,0,0.312,8300.0,4,0,1,0
0.0719,54,0,0.431,5400.0,6,0,3,0
0.1315,25,1,0.858,5500.0,10,2,2,1
0.5245,69,0,0.36,2700.0,11,0,0,0
0.048,57,0,0.284,7500.0,4,0,1,0
0.2704,78,0,0.047,5000.0,4,0,2,0
0.3262,66,0,0.471,6200.0,5,0,1,0
0.5791,36,0,0.321,4700.0,7,0,1,0
0.5324,76,0,0.949,5200.0,7,0,1,0
0.3377,75,0,0.106,3200.0,8,0,1,0
0.1091,34,2,0.482,4600.0,6,0,0,0
0.2092,50,0,0.076,4000.0,9,0,1,0
0.4437,52,0,0.265,3500.0,10,1,1,0
0.194,79,0,0.901,5300.0,6,0,0,0
0.7631,71,0,0.889,5900.0,14,0,1,1
0.2065,65,0,0.465,5600.0,8,0,1,0
0.2616,32,0,0.47,4700.0,6,1,0,0
0.1675,77,0,0.64,6000.0,6,0,1,0
0.2846,47,0,0.321,5500.0,9,1,2,1
0.2278,46,0,0.293,5200.0,12,0,1,0
0.725,68,1,0.109,5300.0,12,0,2,0
0.2585,49,0,0.366,8900.0,7,0,1,0
0.3189,43,0,0.12,2700.0,4,0,0,0
0.1793,69,0,0.249,4200.0,8,0,1,0
0.1364,42,0,0.671,5800.0,9,0,0,0
0.4091,40,0,0.443,2200.0,8,0,2,0
0.4106,58,0,0.175,9800.0,11,0,1,0
0.5274,66,0,0.237,5600.0,7,0,1,0
0.3854,36,1,0.381,7900.0,16,0,1,0
0.3107,51,0,0.52,8600.0,8,0,2,0
0.2246,23,0,0.156,6000.0,5,0,2,0
0.2388,41,0,0.816,1600.0,9,1,0,0
0.4315,71,0,0.347,5300.0,11,0,0,0
0.3631,59,0,0.153,5500.0,10,0,2,0
0.51,25,0,0.189,2900.0,9,0,1,0
0.6,40,0,0.791,2000.0,6,0,1,1
0.1119,78,0,0.532,6200.0,8,0,0,0
0.471,75,2,0.689,2600.0,11,0,1,0
0.1431,43,0,0.453,13800.0,6,0,0,0
0.1538,52,0,0.159,5600.0,9,0,2,0
0.4452,62,0,0.806,9700.0,6,0,0,0
0.3177,29,0,0.141,5000.0,6,0,1,0
0.3009,23,0,0.371,7200.0,10,0,0,0
0.1887,47,0,0.105,5000.0,8,0,1,0
0.2929,47,0,0.246,8100.0,6,0,2,0
0.1162,30,0,0.262,1800.0,6,0,0,0
0.3291,36,0,0.134,7700.0,8,0,0,0
0.2312,44,0,0.182,6900.0,5,0,1,0
0.2082,43,0,0.414,4600.0,11,0,1,1
0.1743,29,0,0.225,4000.0,11,0,3,0
0.0752,22,0,1.986,4200.0,3,0,0,1
0.3036,26,0,0.553,5700.0,6,0,2,0
0.4202,57,0,0.587,9000.0,8,0,1,0
0.4153,55,0,0.698,3800.0,6,0,0,0
0.5486,27,1,0.47,2100.0,13,0,0,0
0.0573,35,0,0.194,17000.0,7,0,2,0
0.2458,41,0,0.582,6900.0,5,0,2,0
0.2979,58,0,0.275,4000.0,10,0,1,0
0.4756,56,1,0.115,8900.0,14,0,2,0
0.072,43,0,0.5,7800.0,5,0,0,0
0.4427,49,0,0.461,6300.0,2,0,1,0
0.1795,33,0,0.59,3900.0,6,0,1,1
0.3915,75,0,0.32,6900.0,6,0,3,0
0.0895,25,0,0.643,8500.0,9,0,1,1
0.301,67,0,0.145,2100.0,12,0,2,0
0.514,59,0,0.076,5500.0,11,0,2,0
0.0633,59,0,0.371,5700.0,10,0,0,0
0.4535,62,0,0.227,5600.0,6,0,0,0
0.2788,65,0,0.17,5000.0,12,0,0,0
0.5385,76,0,0.287,8900.0,8,0,2,0
0.2069,63,0,0.526,4400.0,8,0,1,0
0.5598,21,0,0.016,4900.0,10,0,0,0
0.1408,40,0,0.254,5800.0,8,0,1,0
0.2094,63,0,0.971,4500.0,6,0,1,0
0.0985,21,0,0.101,2500.0,6,0,1,0
0.2251,55,1,0.214,5500.0,7,0,2,0
0.2864,60,0,0.778,5500.0,4,0,0,0
0.1187,65,0,0.304,4100.0,4,0,1,0
0.2308,27,0,0.406,4600.0,12,0,0,0
0.214,55,0,0.259,1000.0,9,0,2,0
0.081,72,0,0.823,9000.0,11,0,1,0
0.2525,54,0,0.202,7700.0,9,0,1,0
0.5699,70,0,0.362,2500.0,7,0,0,0
0.2661,25,0,0.601,3500.0,6,0,1,0
0.3719,49,0,0.175,10100.0,9,0,2,0
0.1381,70,1,0.093,2800.0,7,0,1,0
0.297,68,0,0.037,6200.0,5,0,2,0
0.5398,47,0,0.525,3800.0,7,2,0,1
0.5602,27,0,0.131,6000.0,9,0,0,0
0.0614,21,0,0.462,5000.0,7,0,1,0
0.136,29,0,0.445,4300.0,4,1,1,0
0.1487,67,1,0.122,6000.0,5,2,0,1
0.2011,78,0,0.385,3800.0,11,0,1,0
0.3272,21,0,1.204,2000.0,4,0,1,0
0.572,47,0,0.544,3100.0,6,0,1,0
0.3176,37,0,1.827,2900.0,6,0,0,0
0.4103,52,0,0.225,2200.0,5,0,3,0
0.2814,61,0,0.401,5900.0,9,1,1,1
0.0823,75,0,0.166,4500.0,8,0,1,0
0.4743,50,0,0.975,5900.0,8,0,3,0
0.4754,35,0,0.273,6400.0,4,0,0,1
0.2244,62,0,0.12,7200.0,4,0,1,0
0.2961,48,0,0.398,6000.0,10,0,2,0
0.035,72,0,0.214,3000.0,4,0,1,0
0.4072,23,0,0.454,6600.0,6,0,1,0
0.5376,48,1,0.312,5500.0,8,0,2,0
0.1632,25,0,0.552,14700.0,10,0,0,1
0.1579,22,0,0.045,4900.0,12,0,0,0
0.1585,74,0,0.346,6000.0,6,1,1,0
0.3615,58,0,0.162,4700.0,6,0,1,0
0.1859,36,0,0.706,5000.0,7,0,0,0
0.1636,64,0,0.916,4900.0,10,0,0,0
0.5109,37,1,0.205,4000.0,9,1,2,1
0.3351,32,0,0.461,5400.0,6,0,1,0
0.3104,46,0,0.151,6700.0,14,0,0,0
0.4203,77,0,0.43,4000.0,11,0,2,0
0.1483,69,0,0.158,7500.0,9,0,2,0
0.3755,74,0,0.447,7000.0,7,0,1,0
0.2107,27,0,0.495,3200.0,7,0,2,0
0.3688,44,0,1.035,3000.0,6,0,1,1
0.1283,36,0,0.092,6100.0,16,0,1,0
0.172,38,0,0.474,3700.0,7,0,1,0
0.216,79,3,0.058,2900.0,12,2,0,1
0.2914,28,0,0.315,11600.0,7,2,0,0
0.1169,47,0,0.304,3000.0,10,2,0,0
0.1629,46,3,0.301,2300.0,4,0,1,0
0.108,51,1,0.084,3300.0,10,0,1,0
0.1525,38,0,0.327,5500.0,7,0,0,0
0.1365,22,0,0.32,5100.0,4,0,2,0
0.2692,61,0,0.037,12600.0,7,0,1,0
0.0812,43,1,0.053,3300.0,9,0,1,0
0.2615,76,0,0.383,5500.0,7,0,3,0
0.2802,68,0,0.669,8600.0,11,0,2,0
0.5808,69,0,0.368,3500.0,7,0,0,0
0.1385,62,0,0.403,7000.0,6,0,1,0
0.1614,42,0,0.183,2000.0,12,0,2,0
0.2452,53,0,0.299,11800.0,7,0,0,0
0.0839,73,0,0.089,8100.0,8,0,0,0
0.2554,38,0,0.48,3500.0,7,0,0,0
0.4287,35,0,0.149,7400.0,8,0,0,0
0.3058,61,0,0.097,9500.0,10,0,3,0
0.2361,23,0,0.327,2600.0,6,1,2,0
0.1255,68,0,0.707,3600.0,9,0,0,0
0.3844,78,0,0.369,9600.0,2,0,2,0
0.4355,43,0,0.705,5100.0,8,0,0,0
0.1394,67,0,0.224,6100.0,5,0,1,0
0.1932,22,0,0.399,5100.0,12,0,1,0
0.1894,62,0,0.271,7700.0,7,0,0,0
0.1011,24,0,0.523,6400.0,8,0,1,0
0.4623,46,0,0.442,5200.0,9,0,2,0
0.2924,39,0,0.168,1700.0,10,0,0,0
0.3995,69,0,1.069,6800.0,7,0,2,0
0.1199,30,0,0.103,7100.0,7,0,0,0
0.4318,42,0,0.359,2600.0,11,0,1,0
0.4026,73,0,0.15,2700.0,12,0,2,0
0.4695,26,0,0.32,6400.0,10,0,0,0
0.1488,21,0,0.141,5400.0,8,0,1,0
0.0783,63,0,0.318,1800.0,13,0,1,0
0.2349,36,0,0.387,3300.0,3,0,1,1
0.1517,76,0,0.518,5700.0,10,0,0,0
0.6386,72,0,0.061,6900.0,6,0,1,0
0.3335,27,0,0.217,3700.0,9,0,1,0
0.2178,44,2,0.574,4600.0,3,0,1,1
0.1653,55,0,0.425,3200.0,8,0,1,0
0.2444,34,0,1.435,9500.0,8,0,2,0
0.1123,24,1,0.211,5400.0,10,0,1,0
0.1783,61,0,1.087,3500.0,4,0,1,0
0.0782,35,0,0.557,2800.0,3,0,3,0
0.4322,64,0,0.784,2600.0,4,0,0,0
0.0835,77,0,0.164,12200.0,10,0,1,0
0.1863,68,0,0.43,4500.0,4,2,0,1
0.3666,43,0,0.38,4000.0,6,0,2,0
0.3233,39,0,0.227,4400.0,6,0,0,0
0.1989,34,0,0.701,3600.0,6,1,1,1
0.3965,47,0,0.31,4700.0,12,0,1,0
0.1715,56,2,0.546,5000.0,7,0,2,1
0.5401,75,0,0.095,5000.0,9,0,1,0
0.2285,58,0,0.389,2600.0,7,0,1,0
0.3351,42,1,0.597,7700.0,3,0,3,0
0.25,31,0,0.196,3700.0,9,0,2,0
0.2801,24,0,0.296,3500.0,4,0,1,0
0.3776,78,0,0.318,3500.0,6,1,2,0
0.1933,52,0,0.317,2900.0,6,0,2,0
0.2626,60,0,0.135,5600.0,11,0,1,1
0.0905,61,0,0.606,7700.0,3,0,2,0
0.0765,78,2,0.25,3400.0,10,0,2,0
0.2916,75,0,0.508,2000.0,12,1,1,0
0.689,44,0,0.358,2900.0,7,0,1,0
0.3344,78,0,0.152,3900.0,11,0,0,1
0.7105,54,0,0.419,2700.0,8,0,0,0
0.3046,72,0,0.19,3600.0,11,0,1,0
0.0351,23,0,0.244,3700.0,6,0,1,0
0.3301,58,0,0.066,4900.0,8,0,2,0
0.179,22,0,0.597,2400.0,10,0,2,0
0.3428,43,0,0.09,6600.0,8,0,1,1
0.1557,60,0,0.605,11300.0,8,0,0,0
0.3178,40,0,0.306,10000.0,4,0,1,0
0.3687,76,0,0.364,3700.0,5,0,0,0
0.3226,28,0,0.222,6900.0,6,0,1,0
0.231,55,1,0.095,6500.0,15,0,1,0
0.3168,69,0,0.74,4800.0,8,0,1,0
0.3776,63,0,0.165,5400.0,7,0,1,0
0.405,23,0,0.877,6900.0,5,0,0,0
0.2634,52,0,1.04,7600.0,10,0,0,1
0.3241,78,0,0.49,3300.0,9,0,1,0
0.0685,51,1,0.284,7100.0,11,0,1,1
0.4671,64,0,0.102,11300.0,6,0,1,0
0.1929,66,0,0.551,7600.0,7,0,1,0
0.2004,51,0,0.747,10600.0,7,0,2,1
0.1714,21,0,0.334,1400.0,9,0,3,0
0.0378,32,0,0.327,6600.0,4,0,1,0
0.1531,38,0,0.453,5600.0,8,0,1,0
0.1116,44,0,0.183,8200.0,13,0,0,0
0.448,56,0,0.065,2800.0,10,0,1,0
0.3468,49,1,0.402,3800.0,1,0,1,1
0.2902,45,0,0.08,7700.0,6,0,1,0
0.2353,43,0,0.296,2900.0,10,0,0,1
0.418,23,0,0.196,5500.0,4,0,2,0
0.6874,50,0,0.242,4900.0,11,0,0,0
0.2641,37,0,0.26,4500.0,11,0,2,0
0.0622,65,0,0.466,6500.0,11,0,0,0
0.3442,69,1,0.212,2800.0,9,0,0,0
0.4578,50,0,0.35,3300.0,10,0,1,1
0.155,69,0,0.125,4600.0,9,0,2,0
0.5041,78,0,0.156,2700.0,17,0,1,0
0.3863,39,0,0.488,9100.0,9,0,0,0
0.2768,25,0,0.213,3300.0,13,0,2,0
0.3132,60,0,0.134,7300.0,7,0,1,0
0.2299,76,0,0.35,3200.0,10,0,0,1
0.0804,54,0,0.302,7000.0,10,0,1,0
0.6776,77,0,0.811,2200.0,10,0,1,0
0.5174,29,1,0.438,9900.0,4,0,1,1
0.299,59,1,0.137,8700.0,4,0,1,0
0.3481,68,0,0.071,3700.0,5,0,2,1
0.1188,64,0,0.304,3300.0,5,0,2,0
0.2803,46,0,0.588,6200.0,5,1,1,0
0.3196,73,0,0.3,2300.0,6,0,0,0
0.6463,25,0,0.311,5000.0,6,0,1,0
0.321,44,0,0.098,3300.0,13,0,3,0
0.0697,51,0,0.19,4300.0,7,0,1,0
0.215,44,0,0.051,3600.0,11,0,1,0
0.1533,41,1,0.448,3300.0,9,0,2,0
0.1253,42,0,0.387,11500.0,9,0,1,0
0.5776,58,0,0.328,7300.0,3,0,2,0
0.1086,42,0,0.154,2300.0,12,0,1,0
0.4437,41,0,0.12,3200.0,4,0,1,0
0.1527,77,0,0.387,7500.0,10,0,0,0
0.2457,50,1,0.377,8000.0,3,0,2,0
0.0131,69,0,0.525,2500.0,6,0,0,0
0.1877,67,1,0.376,7000.0,6,0,3,0
0.0702,30,0,0.495,5600.0,6,0,0,1
0.2979,23,0,0.381,1900.0,5,0,0,0
0.3266,59,0,0.666,4000.0,3,0,1,0
0.2051,49,1,0.229,4600.0,11,0,1,0
0.4292,45,3,0.378,5000.0,8,0,1,1
0.3742,22,0,0.474,2500.0,10,0,1,0
0.1478,33,0,0.32,3400.0,5,0,1,1
0.2566,47,0,0.034,3600.0,9,0,3,0
0.2867,49,0,0.455,3800.0,14,0,3,0
0.2791,34,0,0.187,3800.0,8,0,1,0
0.0316,24,0,0.142,4600.0,10,0,1,0
0.1587,28,1,0.105,5700.0,6,0,1,0
0.2475,25,0,0.536,11900.0,16,0,1,0
0.0454,64,0,0.335,7600.0,10,0,0,0
0.5427,47,0,0.115,9500.0,10,0,1,0
0.2407,44,0,0.131,3900.0,9,0,2,0
0.5658,64,3,0.308,3000.0,8,0,0,0
0.4473,63,0,0.116,7300.0,9,0,1,0
0.4813,54,1,0.338,4900.0,10,0,0,0
0.181,48,1,0.605,7100.0,7,1,2,0
0.2119,44,1,0.684,3200.0,6,0,2,0
0.1995,74,0,0.538,6800.0,4,0,0,1
0.4523,25,0,0.849,4500.0,10,0,2,1
0.4441,33,0,0.353,3900.0,6,0,1,0
0.3052,38,0,1.134,4100.0,4,0,1,0
0.0387,75,0,0.99,6300.0,13,0,1,0
0.1842,37,0,0.368,7200.0,5,0,1,1
0.2726,50,0,0.226,4100.0,5,0,2,0
0.2791,58,0,0.244,5800.0,7,0,1,0
0.2493,39,0,0.058,5800.0,8,0,0,0
0.2039,42,0,0.228,7100.0,5,2,0,0
0.4285,69,0,0.085,8100.0,9,0,2,0
0.0373,69,0,0.579,12200.0,12,0,0,0
0.4108,38,0,0.071,3900.0,9,0,1,0
0.2845,46,0,0.445,10200.0,6,0,1,0
0.5494,35,0,0.224,5200.0,6,0,0,0
0.2388,75,0,0.572,2800.0,9,0,2,0
0.0978,48,0,0.248,3600.0,8,0,2,0
0.5877,50,0,0.461,6200.0,9,1,0,0
0.3068,48,2,0.44,7100.0,11,0,0,0
0.1168,40,0,0.218,3000.0,8,0,2,0
0.3075,24,0,0.38,3400.0,6,0,1,0
0.2412,24,1,0.474,3800.0,5,0,1,0
0.3804,57,0,0.574,3200.0,8,0,1,0
0.2205,35,0,0.043,1900.0,10,0,1,0
0.1625,54,0,0.082,1600.0,8,0,0,0
0.1966,31,0,0.499,4100.0,4,0,1,1
0.4375,43,0,0.214,5600.0,6,0,0,0
0.4738,55,0,0.332,6800.0,11,0,1,0
0.5154,63,0,0.051,2500.0,9,0,1,0
0.3407,55,0,1.139,2500.0,9,0,2,0
0.1867,31,0,0.132,3800.0,7,0,2,0
0.3986,22,0,0.39,4900.0,6,0,2,1
0.1247,74,0,0.159,8100.0,9,0,1,0
0.3231,72,0,0.696,7000.0,10,0,1,0
0.4838,72,0,0.578,4100.0,7,0,1,0
0.4063,35,0,0.629,5900.0,5,0,1,1
0.6103,60,0,0.447,3200.0,6,0,1,0
0.3478,48,0,0.534,5100.0,8,0,0,0
0.1178,51,0,0.206,4800.0,8,0,3,0
0.1605,52,0,0.742,9900.0,8,0,0,0
0.3906,54,1,0.282,6300.0,4,0,1,1
0.3352,75,0,0.137,3300.0,8,0,1,0
0.3665,70,0,0.282,3400.0,9,0,1,0
0.0511,42,0,0.24,4200.0,11,0,1,0
0.1343,49,0,0.302,2200.0,4,0,0,0
0.3164,73,0,0.135,4400.0,6,0,3,0
0.3829,28,1,0.556,4600.0,9,0,3,0
0.3799,42,0,0.165,6200.0,9,0,1,1
0.4289,32,1,0.379,6700.0,13,0,0,0
0.2812,43,0,0.436,5200.0,7,0,0,0
0.0251,58,0,0.423,2200.0,11,2,0,0
0.1729,76,1,0.447,2700.0,9,0,1,0
0.1602,22,0,0.132,3600.0,5,0,1,0
0.1197,32,0,0.497,6800.0,6,0,1,0
0.2002,75,0,0.108,6700.0,9,0,1,0
0.2834,41,2,0.074,4300.0,6,0,2,0
0.375,32,0,0.321,16000.0,17,0,0,1
0.1906,65,0,0.223,10700.0,6,0,1,0
0.542,51,0,0.475,9100.0,10,0,1,0
0.3067,29,0,0.735,7000.0,9,0,3,0
0.1808,35,0,0.496,6200.0,7,0,1,0
0.3595,52,0,0.143,6000.0,6,0,1,0
0.1161,63,0,0.159,2000.0,12,0,2,0
0.0431,29,0,0.151,2900.0,7,0,3,0
0.3167,44,0,0.512,4400.0,4,0,2,0
0.2577,28,3,0.294,5200.0,16,0,0,1
0.1577,72,0,0.401,4600.0,8,0,1,0
0.7919,48,0,0.114,5600.0,7,0,2,0
0.176,76,0,0.4,1700.0,5,0,1,0
0.4252,38,0,0.224,6300.0,7,0,1,0
0.1845,63,0,0.896,5100.0,13,0,1,0
0.2289,57,0,0.112,4500.0,11,0,1,0
0.3169,56,0,0.091,7800.0,11,0,1,0
0.1582,73,3,0.262,2900.0,10,0,1,1
0.283,57,0,0.247,4400.0,7,0,2,0
0.1263,52,1,0.712,5700.0,5,0,1,0
0.2653,41,1,0.207,3200.0,8,0,1,1
0.2734,59,0,1.104,1800.0,10,0,2,0
0.6642,69,0,0.286,2800.0,7,0,1,0
0.3221,49,0,0.152,4800.0,8,0,1,0
0.2138,38,0,0.22,4300.0,9,0,0,0
0.3707,43,1,0.48,4900.0,3,0,1,0
0.2785,53,0,0.432,3500.0,14,0,3,0
0.3946,68,0,0.836,2600.0,9,0,2,0
0.2592,29,0,0.084,5300.0,8,0,1,0
0.1435,64,0,0.224,4500.0,4,0,1,0
0.3389,71,0,1.463,6800.0,11,0,0,1
0.1448,63,0,0.173,3400.0,6,0,1,0
0.0929,58,0,0.65,1800.0,9,0,0,0
0.1099,24,1,0.027,1300.0,12,0,2,0
0.0803,36,0,0.17,4000.0,6,0,1,0
0.4475,23,0,0.428,5200.0,7,0,1,0
0.0851,28,0,0.437,4400.0,9,0,0,0
0.6085,36,0,0.387,3700.0,9,0,1,1
0.2017,22,0,0.42,2200.0,12,1,1,1
0.4254,65,2,0.641,1900.0,12,1,1,1
0.1857,39,0,0.295,5900.0,8,0,1,0
0.144,44,0,0.816,4400.0,8,0,1,0
0.2477,36,0,0.323,4100.0,4,0,1,0
0.0503,71,0,0.297,2300.0,13,0,1,0
0.2283,60,0,0.058,3000.0,13,0,2,1
0.3141,75,0,0.716,5000.0,7,0,0,0
0.4828,22,0,0.077,5700.0,11,0,1,0
0.3608,52,1,0.595,4500.0,8,0,1,0
0.4707,21,0,0.489,9800.0,8,0,1,1
0.7172,69,0,0.798,3700.0,7,1,1,1
0.1369,38,0,0.055,9400.0,5,0,0,0
0.3892,59,0,0.927,5500.0,8,0,3,0
0.1362,52,0,0.219,5200.0,7,0,0,0
0.1322,29,0,0.181,7800.0,6,1,0,0
0.702,75,0,0.115,3600.0,10,0,1,0
0.1716,23,1,0.268,4200.0,5,0,2,1
0.3539,76,0,0.377,2700.0,6,0,0,1
0.0667,44,0,0.446,7800.0,6,0,1,0
0.7168,77,0,0.2,5800.0,12,0,1,0
0.2536,31,0,0.175,8500.0,12,0,1,0
0.284,48,0,0.976,5400.0,11,0,1,0
0.2393,36,0,0.385,8500.0,5,1,1,0
0.2099,49,0,0.454,3400.0,4,0,1,0
0.4269,61,1,0.592,8100.0,12,0,0,0
0.4901,32,0,0.419,4000.0,9,0,2,0
0.3722,66,0,0.192,4900.0,3,1,0,0
0.7166,77,0,0.114,7100.0,8,0,1,0
0.1188,24,0,0.507,15700.0,6,0,2,0
0.6778,46,0,0.468,7400.0,8,0,0,1
0.0629,24,3,0.436,7800.0,8,0,0,0
0.4518,31,0,0.327,3700.0,7,0,1,0
0.1893,22,1,0.315,5300.0,7,0,2,1
0.0453,51,0,0.125,4700.0,5,0,1,0
0.5939,76,0,0.047,9900.0,12,0,2,0
0.3183,70,0,0.619,4600.0,4,0,1,0
0.6247,23,0,0.876,9500.0,9,0,3,0
0.2298,45,0,0.48,2600.0,6,0,1,0
0.404,54,1,0.103,9900.0,11,0,2,0
0.1461,21,2,0.321,3200.0,5,0,1,0
0.2658,25,0,0.158,7500.0,11,0,0,0
0.6236,59,0,0.247,3200.0,7,0,1,0
0.23,72,0,0.126,6700.0,8,0,0,0
0.3237,51,3,0.351,3000.0,2,0,0,1
0.231,56,0,0.572,8300.0,6,0,1,1
0.2555,79,0,0.43,7500.0,8,0,0,0
0.1794,23,0,0.225,3600.0,8,0,1,1
0.4111,58,0,0.375,6600.0,9,0,0,0
0.2836,32,0,0.068,7900.0,7,0,1,0
0.5107,36,0,0.556,3100.0,4,0,3,0
0.1851,28,1,0.49,2900.0,8,0,1,0
0.2414,31,0,0.423,2900.0,3,0,0,0
0.5133,65,0,0.727,2700.0,9,0,1,0
0.2389,34,0,0.411,2900.0,6,0,2,0
0.097,47,0,0.241,7800.0,6,0,1,0
0.1147,38,1,0.232,6500.0,4,0,1,0
0.4001,74,0,0.25,2100.0,6,0,2,0
0.2745,28,0,0.424,3800.0,8,0,0,0
0.1606,53,0,0.149,2800.0,8,0,1,0
0.1753,24,0,0.175,7600.0,11,0,0,0
0.05,69,0,0.115,3900.0,11,0,0,0
0.5688,50,0,0.144,2300.0,7,0,0,0
0.3828,40,0,0.29,5400.0,11,0,1,0
0.0495,50,0,0.959,6700.0,8,0,2,0
0.6164,47,1,0.11,3100.0,4,1,1,0
0.2821,45,0,0.695,4300.0,8,0,1,0
0.3797,74,0,0.186,3100.0,8,0,1,0
0.2189,26,0,0.647,9200.0,5,0,1,0
0.3534,25,1,0.247,4000.0,9,0,1,1
0.171,34,1,0.399,3400.0,7,1,2,0
0.3501,71,0,0.408,4800.0,11,0,0,0
0.2048,34,0,0.275,4400.0,15,0,1,0
0.1111,54,0,0.268,6900.0,11,0,2,0
0.1311,61,1,0.852,9000.0,12,0,1,0
0.2983,45,0,0.344,9100.0,14,0,1,0
0.2728,59,1,0.247,4100.0,11,0,1,0
0.3541,38,0,1.214,5700.0,8,0,1,0
0.1233,40,0,1.282,10300.0,5,0,0,0
0.3027,63,0,1.655,10500.0,9,0,0,0
0.5301,28,1,0.086,3200.0,10,0,0,1
0.1641,46,0,0.028,6600.0,6,0,2,0
0.0802,74,0,0.397,6100.0,11,0,1,0
0.5066,41,1,0.887,7800.0,11,0,2,1
0.2427,47,0,0.321,9200.0,7,0,0,0
0.3455,52,0,0.792,2900.0,8,0,2,0
0.6518,62,0,0.832,3500.0,7,0,1,0
0.4882,70,0,0.184,7700.0,3,0,0,0
0.0661,37,0,0.28,5300.0,7,0,1,0
0.4315,69,0,0.057,1600.0,8,0,2,0
0.3848,21,0,0.117,2100.0,10,0,1,1
0.3478,47,0,0.148,6800.0,9,0,1,1
0.1515,74,0,0.085,7500.0,8,0,1,0
0.1807,56,3,0.388,2500.0,4,1,1,1
0.1068,31,0,0.082,8500.0,10,0,0,1
0.2082,61,0,0.678,4500.0,4,0,1,0
0.2418,61,1,0.887,2900.0,12,0,1,0
0.5012,55,0,0.798,3700.0,7,0,1,0
0.4684,58,3,0.515,2700.0,10,0,0,0
0.1927,58,0,0.009,3600.0,5,0,1,0
0.2977,62,0,0.609,1900.0,9,0,1,0
0.1218,62,0,0.653,4700.0,7,0,1,0
0.2645,69,1,0.143,6600.0,13,0,1,0
0.2339,67,0,0.545,2500.0,7,0,1,0
0.4973,77,0,0.429,5000.0,6,0,1,0
0.1065,56,0,0.245,3300.0,13,0,1,0
0.4253,74,1,0.429,6900.0,8,0,2,1
0.43,30,0,0.788,1500.0,8,0,3,0
0.3239,60,0,0.188,7000.0,8,2,0,0
0.3329,21,0,0.185,2000.0,11,0,2,0
0.3835,76,0,0.423,4400.0,8,0,1,0
0.3279,42,0,0.243,3400.0,8,0,1,1
0.3252,37,0,0.119,4100.0,5,0,2,0
0.3353,32,0,0.662,2300.0,10,0,2,0
0.3346,64,0,0.439,11300.0,11,0,0,0
0.144,77,0,0.039,2600.0,9,0,1,0
0.2129,33,1,0.574,2700.0,3,0,2,0
0.2516,45,0,0.534,12100.0,7,0,1,0
0.3652,46,0,0.395,5800.0,10,0,0,0
0.2789,66,0,0.269,2600.0,8,0,3,0
0.4515,60,0,0.251,4600.0,9,0,0,1
0.3023,66,0,0.517,4400.0,6,0,1,0
0.0616,59,0,0.093,2100.0,7,0,1,0
0.2041,69,0,0.454,3400.0,7,0,1,0
0.2928,63,0,0.529,4900.0,12,1,0,0
0.0668,53,2,0.645,9300.0,13,0,0,0
0.1192,28,0,0.181,4500.0,8,0,0,0
0.1926,33,0,0.215,4600.0,7,0,1,0
0.2821,46,0,0.507,3300.0,8,0,1,0
0.3742,76,0,0.177,8500.0,8,0,2,0
0.6592,37,0,0.095,7700.0,8,0,1,0
0.3189,44,0,0.287,7300.0,6,0,0,0
0.2031,44,0,1.047,5200.0,8,0,3,0
0.3171,32,0,0.35,2200.0,11,0,0,1
0.1847,51,0,0.051,8500.0,7,0,1,0
0.3076,78,0,0.387,5100.0,4,0,1,0
0.106,36,0,0.271,4200.0,10,0,0,0
0.6642,62,0,0.128,6200.0,7,0,0,0
0.2326,36,0,0.216,5500.0,7,2,2,0
0.2127,50,0,0.885,2900.0,8,0,1,0
0.2185,48,1,0.138,4200.0,10,0,1,0
0.1327,23,0,0.958,1900.0,9,0,2,1
0.213,53,0,0.332,5100.0,9,0,3,0
0.1623,71,0,0.247,9600.0,11,0,0,0
0.3429,44,0,0.261,2000.0,3,2,0,1
0.2041,50,0,0.275,5200.0,9,0,1,0
0.3242,60,0,0.93,6900.0,7,0,0,0
0.1539,68,0,0.036,7400.0,9,0,1,0
0.2643,48,0,0.246,3400.0,9,0,1,1
0.7439,67,0,0.272,2800.0,8,0,1,0
0.1052,59,0,0.525,3700.0,11,0,1,0
0.0545,22,0,0.319,8900.0,12,0,2,0
0.0341,33,0,0.342,2100.0,11,0,0,0
0.5115,57,0,0.992,2700.0,8,0,1,0
0.3539,30,0,0.349,3900.0,10,0,1,0
0.3144,60,0,0.233,3000.0,10,0,1,0
0.1504,33,0,0.34,4800.0,8,0,0,0
0.6932,39,0,0.359,10000.0,10,0,1,0
0.1816,26,0,0.094,2700.0,11,0,3,0
0.2976,38,0,0.704,4600.0,4,2,2,1
0.1541,60,0,0.448,4900.0,5,0,0,0
0.2154,29,0,0.148,4200.0,8,0,1,0
0.4091,37,0,0.435,2200.0,14,0,0,0
0.3897,24,0,0.076,3600.0,6,2,2,1
0.1618,74,0,0.477,3600.0,10,0,2,0
0.4896,70,0,0.55,6700.0,5,0,1,0
0.1612,26,0,1.169,6100.0,8,0,0,0
0.092,31,0,0.148,2300.0,5,0,1,1
0.2739,75,1,0.347,4000.0,4,0,0,0
0.1902,74,0,0.302,3800.0,7,0,1,0
0.3609,62,0,0.199,13100.0,9,0,0,0
0.2378,46,0,0.154,5700.0,4,0,0,0
0.2826,31,0,0.292,2900.0,10,0,1,0
0.4766,28,1,0.362,3300.0,4,0,2,0
0.2537,73,0,0.219,4100.0,8,0,1,0
0.3296,23,0,0.432,5900.0,5,0,1,1
0.0806,22,0,0.325,6300.0,8,0,0,0
0.3753,38,0,0.142,5400.0,5,0,1,1
0.5668,22,0,0.595,4400.0,7,1,1,1
0.2041,46,0,0.563,4600.0,13,0,3,0
0.4441,32,0,0.292,4600.0,4,0,0,0
0.3224,57,1,0.025,2000.0,6,0,0,0
0.2315,46,0,0.075,4800.0,5,0,0,0
0.0496,56,0,0.725,3700.0,10,0,2,0
0.3507,36,3,1.012,2200.0,7,0,1,1
0.3998,34,0,0.677,16500.0,6,0,2,0
0.1969,22,0,0.174,5700.0,8,0,1,1
0.2495,41,0,0.571,4900.0,12,1,2,0
0.4286,27,0,0.528,4100.0,5,0,0,1
0.1083,73,0,0.534,7100.0,4,0,0,0
0.4442,31,0,0.312,2700.0,7,0,1,0
0.5467,76,0,0.355,4200.0,10,0,1,0
0.3942,64,0,0.081,3100.0,12,0,1,0
0.0409,74,2,1.412,7000.0,7,0,1,0
0.1056,49,0,0.075,3300.0,10,0,1,1
0.2123,77,0,0.218,8500.0,10,0,2,0
0.0871,78,0,1.265,4700.0,6,0,2,1
0.3779,57,0,0.261,7200.0,7,0,0,1
0.0297,76,0,0.29,6000.0,13,0,1,0
0.262,68,0,0.326,8300.0,6,0,1,0
0.1764,74,0,0.365,3100.0,6,0,1,0
0.0597,59,2,0.127,7700.0,10,0,0,1
0.2293,48,1,0.514,1900.0,4,0,1,0
0.3054,60,2,0.495,5000.0,10,0,3,0
0.4409,24,0,0.301,3700.0,10,0,0,1
0.462,24,0,0.462,2400.0,6,0,2,0
0.5851,47,1,0.162,3100.0,7,0,0,0
0.2869,26,0,0.887,3600.0,5,0,1,0
0.2757,54,0,1.69,4500.0,4,0,1,0
0.0106,61,0,0.227,3800.0,5,0,1,0
0.249,60,1,0.344,5100.0,13,0,2,0
0.3544,38,0,0.126,3200.0,10,0,3,0
0.7379,64,0,0.537,3900.0,8,0,1,0
0.0899,68,0,0.229,4300.0,8,0,1,0
0.3931,50,0,0.23,5400.0,7,0,1,0
0.2519,53,0,0.518,7500.0,8,0,0,0
0.4763,78,0,0.392,7500.0,9,0,0,0
0.0587,40,0,0.166,5500.0,9,0,2,0
0.2764,79,0,0.036,6100.0,7,0,1,0
0.2445,56,0,0.241,5700.0,13,0,1,0
0.4456,66,0,0.075,4200.0,8,0,3,0
0.5912,70,0,0.6,7700.0,6,0,0,0
0.3012,25,0,0.284,3100.0,2,0,0,0
0.2775,55,0,0.216,1800.0,10,0,2,0
0.5525,39,0,0.169,2900.0,9,0,1,0
0.4371,32,0,0.4,9900.0,10,0,1,0
0.4841,46,1,0.265,4200.0,9,0,0,0
0.2728,39,0,0.593,5600.0,8,0,2,0
0.1232,72,0,0.281,4300.0,10,0,0,0
0.0414,31,1,0.581,6500.0,11,0,0,0
0.4656,73,0,0.217,5100.0,10,0,0,0
0.2633,40,0,0.392,4700.0,11,0,1,0
0.1546,29,0,0.103,6700.0,8,0,2,1
0.2839,40,0,0.301,3900.0,11,0,0,0
0.1697,47,0,0.917,5900.0,7,0,0,0
0.5157,75,0,0.111,4500.0,6,0,1,0
0.2417,78,0,0.484,4700.0,7,0,3,0
